Close,Open,Time,TradedVolume,askClose,bidClose,ema
0.0,0.0,2018-03-12  23:00:00,84,1.23344,1.23329,1.233365
0.0,0.0,2018-03-12  23:01:00,39,1.2334,1.23334,1.233365
0.0,0.0,2018-03-12  23:02:00,86,1.2334,1.23334,1.233365
0.0,0.0,2018-03-12  23:03:00,37,1.23339,1.23333,1.233365
0.0,0.0,2018-03-12  23:04:00,57,1.23339,1.23333,1.233365
0.0,0.0,2018-03-12  23:05:00,44,1.2334,1.23334,1.233365
0.0,0.0,2018-03-12  23:06:00,13,1.2334,1.23334,1.233365
0.0,0.0,2018-03-12  23:07:00,30,1.2334,1.23334,1.233365
0.0,0.0,2018-03-12  23:08:00,59,1.2334,1.23334,1.233365
0.0,0.0,2018-03-12  23:09:00,61,1.23335,1.23329,1.233365
0.0,0.0,2018-03-12  23:10:00,36,1.23338,1.23332,1.233365
0.0,0.0,2018-03-12  23:11:00,86,1.23342,1.23336,1.233365
0.0,0.0,2018-03-12  23:12:00,44,1.23348,1.23333,1.233365
0.0,0.0,2018-03-12  23:13:00,153,1.23358,1.23352,1.233365
0.0,0.0,2018-03-12  23:14:00,54,1.23359,1.23353,1.233366
0.0,0.0,2018-03-12  23:15:00,194,1.23373,1.23358,1.233367
0.0,0.0,2018-03-12  23:16:00,153,1.23379,1.23364,1.233368
0.0,0.0,2018-03-12  23:17:00,94,1.23379,1.23364,1.233369
0.0,0.0,2018-03-12  23:18:00,176,1.23387,1.23372,1.23337
0.0,0.0,2018-03-12  23:19:00,199,1.23369,1.23363,1.233371
0.0,0.0,2018-03-12  23:20:00,92,1.2337,1.23355,1.233372
0.0,0.0,2018-03-12  23:21:00,46,1.23369,1.23363,1.233373
0.0,0.0,2018-03-12  23:22:00,61,1.23364,1.23358,1.233374
0.0,0.0,2018-03-12  23:23:00,107,1.23354,1.23348,1.233375
0.0,0.0,2018-03-12  23:24:00,26,1.23354,1.23348,1.233375
0.0,0.0,2018-03-12  23:25:00,19,1.23354,1.23348,1.233375
0.0,0.0,2018-03-12  23:26:00,42,1.23364,1.23349,1.233375
0.0,0.0,2018-03-12  23:27:00,48,1.2337,1.23355,1.233376
0.0,0.0,2018-03-12  23:28:00,47,1.23368,1.23362,1.233377
0.0,0.0,2018-03-12  23:29:00,52,1.2337,1.23364,1.233378
0.0,0.0,2018-03-12  23:30:00,28,1.23365,1.23359,1.233379
0.0,0.0,2018-03-12  23:31:00,78,1.23364,1.23358,1.23338
0.0,0.0,2018-03-12  23:32:00,17,1.23369,1.23363,1.233381
0.0,0.0,2018-03-12  23:33:00,14,1.23369,1.23363,1.233382
0.0,0.0,2018-03-12  23:34:00,40,1.23369,1.23354,1.233383
0.0,0.0,2018-03-12  23:35:00,26,1.23369,1.23354,1.233384
0.0,0.0,2018-03-12  23:36:00,69,1.23376,1.23361,1.233385
0.0,0.0,2018-03-12  23:37:00,80,1.23374,1.23359,1.233386
0.0,0.0,2018-03-12  23:38:00,99,1.2338,1.23374,1.233387
0.0,0.0,2018-03-12  23:39:00,143,1.23404,1.23389,1.233388
0.0,0.0,2018-03-12  23:40:00,46,1.23395,1.23389,1.23339
0.0,0.0,2018-03-12  23:41:00,67,1.23388,1.23382,1.233392
0.0,0.0,2018-03-12  23:42:00,32,1.23389,1.23374,1.233394
0.0,0.0,2018-03-12  23:43:00,39,1.23384,1.23378,1.233395
0.0,0.0,2018-03-12  23:44:00,53,1.23386,1.23371,1.233396
0.0,0.0,2018-03-12  23:45:00,55,1.23384,1.23378,1.233397
0.0,0.0,2018-03-12  23:46:00,104,1.23401,1.23386,1.233398
0.0,0.0,2018-03-12  23:47:00,22,1.23394,1.23388,1.2334
0.0,0.0,2018-03-12  23:48:00,16,1.23394,1.23388,1.233402
0.0,0.0,2018-03-12  23:49:00,69,1.23385,1.23379,1.233404
0.0,0.0,2018-03-12  23:50:00,49,1.23385,1.23379,1.233405
0.0,0.0,2018-03-12  23:51:00,26,1.23385,1.23379,1.233406
0.0,0.0,2018-03-12  23:52:00,11,1.23384,1.23378,1.233407
0.0,0.0,2018-03-12  23:53:00,64,1.23375,1.23369,1.233408
0.0,0.0,2018-03-12  23:54:00,87,1.23385,1.2337,1.233409
0.0,0.0,2018-03-12  23:55:00,66,1.23385,1.23379,1.23341
0.0,0.0,2018-03-12  23:56:00,133,1.23399,1.23384,1.233411
0.0,0.0,2018-03-12  23:57:00,52,1.23394,1.23379,1.233413
0.0,0.0,2018-03-12  23:58:00,162,1.234,1.23385,1.233415
0.0,0.0,2018-03-12  23:59:00,83,1.23396,1.23381,1.233417
0.0,0.0,2018-03-13  00:00:00,583,1.23403,1.23397,1.233419
0.0,0.0,2018-03-13  00:01:00,292,1.23399,1.23393,1.233421
0.0,0.0,2018-03-13  00:02:00,45,1.23396,1.2339,1.233423
0.0,0.0,2018-03-13  00:03:00,116,1.23403,1.23397,1.233425
0.0,0.0,2018-03-13  00:04:00,297,1.234,1.23394,1.233427
0.0,0.0,2018-03-13  00:05:00,113,1.23402,1.23396,1.233429
0.0,0.0,2018-03-13  00:06:00,255,1.23415,1.234,1.233431
0.0,0.0,2018-03-13  00:07:00,129,1.23406,1.23391,1.233433
0.0,0.0,2018-03-13  00:08:00,147,1.23402,1.23396,1.233435
0.0,0.0,2018-03-13  00:09:00,245,1.23393,1.23387,1.233437
0.0,0.0,2018-03-13  00:10:00,168,1.23381,1.23366,1.233439
0.0,0.0,2018-03-13  00:11:00,173,1.2337,1.23355,1.23344
0.0,0.0,2018-03-13  00:12:00,139,1.2337,1.23364,1.233441
0.0,0.0,2018-03-13  00:13:00,151,1.23383,1.23368,1.233442
0.0,0.0,2018-03-13  00:14:00,101,1.2338,1.23374,1.233443
0.0,0.0,2018-03-13  00:15:00,218,1.23384,1.23378,1.233444
0.0,0.0,2018-03-13  00:16:00,136,1.23386,1.23371,1.233445
0.0,0.0,2018-03-13  00:17:00,118,1.23371,1.23365,1.233446
0.0,0.0,2018-03-13  00:18:00,154,1.23371,1.23365,1.233447
0.0,0.0,2018-03-13  00:19:00,248,1.23375,1.23369,1.233448
0.0,0.0,2018-03-13  00:20:00,194,1.23381,1.23375,1.233449
0.0,0.0,2018-03-13  00:21:00,135,1.23392,1.23377,1.23345
0.0,0.0,2018-03-13  00:22:00,241,1.23384,1.23378,1.233451
0.0,0.0,2018-03-13  00:23:00,145,1.23395,1.2338,1.233452
0.0,0.0,2018-03-13  00:24:00,160,1.23395,1.23389,1.233453
0.0,0.0,2018-03-13  00:25:00,144,1.23401,1.23395,1.233455
0.0,0.0,2018-03-13  00:26:00,214,1.2341,1.23404,1.233457
0.0,0.0,2018-03-13  00:27:00,44,1.2341,1.23404,1.233459
0.0,0.0,2018-03-13  00:28:00,68,1.234,1.23394,1.233461
0.0,0.0,2018-03-13  00:29:00,230,1.23431,1.23425,1.233463
0.0,0.0,2018-03-13  00:30:00,134,1.2343,1.23424,1.233466
0.0,0.0,2018-03-13  00:31:00,114,1.23429,1.23414,1.233469
0.0,0.0,2018-03-13  00:32:00,59,1.23426,1.2342,1.233471
0.0,0.0,2018-03-13  00:33:00,219,1.23448,1.23442,1.233474
0.0,0.0,2018-03-13  00:34:00,277,1.23435,1.23429,1.233477
0.0,0.0,2018-03-13  00:35:00,305,1.23446,1.23431,1.23348
0.0,0.0,2018-03-13  00:36:00,340,1.23426,1.2342,1.233483
0.0,0.0,2018-03-13  00:37:00,247,1.23429,1.23414,1.233485
0.0,0.0,2018-03-13  00:38:00,241,1.23434,1.23419,1.233487
0.0,0.0,2018-03-13  00:39:00,113,1.23424,1.23418,1.23349
0.0,0.0,2018-03-13  00:40:00,303,1.2342,1.23414,1.233492
0.0,0.0,2018-03-13  00:41:00,187,1.23404,1.23398,1.233494
0.0,0.0,2018-03-13  00:42:00,204,1.23415,1.23409,1.233496
0.0,0.0,2018-03-13  00:43:00,211,1.23409,1.23403,1.233498
0.0,0.0,2018-03-13  00:44:00,134,1.23413,1.23407,1.2335
0.0,0.0,2018-03-13  00:45:00,125,1.2341,1.23404,1.233502
0.0,0.0,2018-03-13  00:46:00,287,1.23405,1.23399,1.233504
0.0,0.0,2018-03-13  00:47:00,298,1.2341,1.23404,1.233506
0.0,0.0,2018-03-13  00:48:00,247,1.23399,1.23393,1.233508
0.0,0.0,2018-03-13  00:49:00,191,1.23403,1.23388,1.23351
0.0,0.0,2018-03-13  00:50:00,164,1.23416,1.2341,1.233511
0.0,0.0,2018-03-13  00:51:00,293,1.23394,1.23388,1.233513
0.0,0.0,2018-03-13  00:52:00,144,1.23388,1.23382,1.233514
0.0,0.0,2018-03-13  00:53:00,182,1.2339,1.23384,1.233515
0.0,0.0,2018-03-13  00:54:00,360,1.23402,1.23396,1.233516
0.0,0.0,2018-03-13  00:55:00,376,1.23405,1.23399,1.233518
0.0,0.0,2018-03-13  00:56:00,195,1.23403,1.23397,1.23352
0.0,0.0,2018-03-13  00:57:00,95,1.23398,1.23392,1.233522
0.0,0.0,2018-03-13  00:58:00,211,1.23394,1.23388,1.233523
0.0,0.0,2018-03-13  00:59:00,175,1.23404,1.23398,1.233524
0.0,0.0,2018-03-13  01:00:00,143,1.23416,1.23401,1.233526
0.0,0.0,2018-03-13  01:01:00,123,1.23421,1.23415,1.233528
0.0,0.0,2018-03-13  01:02:00,67,1.2342,1.23405,1.23353
0.0,0.0,2018-03-13  01:03:00,130,1.23421,1.23415,1.233532
0.0,0.0,2018-03-13  01:04:00,99,1.23416,1.2341,1.233534
0.0,0.0,2018-03-13  01:05:00,71,1.23416,1.2341,1.233536
0.0,0.0,2018-03-13  01:06:00,70,1.23416,1.2341,1.233538
0.0,0.0,2018-03-13  01:07:00,195,1.23407,1.23401,1.23354
0.0,0.0,2018-03-13  01:08:00,123,1.23399,1.23393,1.233542
0.0,0.0,2018-03-13  01:09:00,53,1.23394,1.23388,1.233543
0.0,0.0,2018-03-13  01:10:00,115,1.2341,1.23395,1.233544
0.0,0.0,2018-03-13  01:11:00,172,1.23418,1.23403,1.233546
0.0,0.0,2018-03-13  01:12:00,67,1.23415,1.23409,1.233548
0.0,0.0,2018-03-13  01:13:00,97,1.23414,1.23408,1.23355
0.0,0.0,2018-03-13  01:14:00,116,1.23416,1.2341,1.233552
0.0,0.0,2018-03-13  01:15:00,247,1.23404,1.23389,1.233554
0.0,0.0,2018-03-13  01:16:00,73,1.23395,1.23389,1.233555
0.0,0.0,2018-03-13  01:17:00,170,1.23388,1.23382,1.233556
0.0,0.0,2018-03-13  01:18:00,117,1.23387,1.23381,1.233557
0.0,0.0,2018-03-13  01:19:00,69,1.23383,1.23377,1.233558
0.0,0.0,2018-03-13  01:20:00,52,1.2338,1.23374,1.233559
0.0,0.0,2018-03-13  01:21:00,150,1.2338,1.23374,1.23356
0.0,0.0,2018-03-13  01:22:00,147,1.23371,1.23365,1.233561
0.0,0.0,2018-03-13  01:23:00,188,1.23384,1.23378,1.233561
0.0,0.0,2018-03-13  01:24:00,161,1.23384,1.23369,1.233562
0.0,0.0,2018-03-13  01:25:00,108,1.23385,1.23379,1.233563
0.0,0.0,2018-03-13  01:26:00,30,1.23385,1.23379,1.233564
0.0,0.0,2018-03-13  01:27:00,78,1.23391,1.23376,1.233565
0.0,0.0,2018-03-13  01:28:00,84,1.23395,1.23389,1.233566
0.0,0.0,2018-03-13  01:29:00,110,1.23385,1.23379,1.233567
0.0,0.0,2018-03-13  01:30:00,279,1.23392,1.23377,1.233568
0.0,0.0,2018-03-13  01:31:00,63,1.23388,1.23382,1.233569
0.0,0.0,2018-03-13  01:32:00,135,1.23404,1.23389,1.23357
0.0,0.0,2018-03-13  01:33:00,142,1.23391,1.23385,1.233571
0.0,0.0,2018-03-13  01:34:00,192,1.23396,1.23381,1.233572
0.0,0.0,2018-03-13  01:35:00,26,1.23394,1.23388,1.233573
0.0,0.0,2018-03-13  01:36:00,117,1.23396,1.2339,1.233574
0.0,0.0,2018-03-13  01:37:00,78,1.23389,1.23383,1.233575
0.0,0.0,2018-03-13  01:38:00,94,1.23381,1.23375,1.233576
0.0,0.0,2018-03-13  01:39:00,102,1.23384,1.23369,1.233577
0.0,0.0,2018-03-13  01:40:00,76,1.2338,1.23374,1.233578
0.0,0.0,2018-03-13  01:41:00,32,1.23383,1.23377,1.233579
0.0,0.0,2018-03-13  01:42:00,80,1.23391,1.23385,1.23358
0.0,0.0,2018-03-13  01:43:00,53,1.23393,1.23387,1.233581
0.0,0.0,2018-03-13  01:44:00,100,1.2341,1.23404,1.233582
0.0,0.0,2018-03-13  01:45:00,89,1.2341,1.23404,1.233584
0.0,0.0,2018-03-13  01:46:00,88,1.23406,1.234,1.233586
0.0,0.0,2018-03-13  01:47:00,88,1.23405,1.23399,1.233587
0.0,0.0,2018-03-13  01:48:00,101,1.23406,1.234,1.233588
0.0,0.0,2018-03-13  01:49:00,113,1.23407,1.23401,1.233589
0.0,0.0,2018-03-13  01:50:00,62,1.2341,1.23404,1.233591
0.0,0.0,2018-03-13  01:51:00,42,1.2341,1.23404,1.233593
0.0,0.0,2018-03-13  01:52:00,112,1.23415,1.23409,1.233595
0.0,0.0,2018-03-13  01:53:00,49,1.23418,1.23412,1.233597
0.0,0.0,2018-03-13  01:54:00,41,1.23415,1.23409,1.233599
0.0,0.0,2018-03-13  01:55:00,36,1.23416,1.2341,1.233601
0.0,0.0,2018-03-13  01:56:00,94,1.23405,1.2339,1.233603
0.0,0.0,2018-03-13  01:57:00,58,1.23394,1.23388,1.233604
0.0,0.0,2018-03-13  01:58:00,67,1.23395,1.23389,1.233605
0.0,0.0,2018-03-13  01:59:00,23,1.23395,1.23389,1.233606
0.0,0.0,2018-03-13  02:00:00,107,1.23403,1.23388,1.233607
0.0,0.0,2018-03-13  02:01:00,107,1.23403,1.23397,1.233608
0.0,0.0,2018-03-13  02:02:00,64,1.234,1.23394,1.233609
0.0,0.0,2018-03-13  02:03:00,134,1.23384,1.23378,1.23361
0.0,0.0,2018-03-13  02:04:00,112,1.2339,1.23384,1.233611
0.0,0.0,2018-03-13  02:05:00,143,1.23375,1.23369,1.233612
0.0,0.0,2018-03-13  02:06:00,76,1.23373,1.23367,1.233612
0.0,0.0,2018-03-13  02:07:00,47,1.23373,1.23367,1.233612
0.0,0.0,2018-03-13  02:08:00,92,1.23391,1.23376,1.233612
0.0,0.0,2018-03-13  02:09:00,98,1.23394,1.23388,1.233613
0.0,0.0,2018-03-13  02:10:00,46,1.23391,1.23385,1.233614
0.0,0.0,2018-03-13  02:11:00,37,1.23391,1.23385,1.233615
0.0,0.0,2018-03-13  02:12:00,104,1.23395,1.23389,1.233616
0.0,0.0,2018-03-13  02:13:00,57,1.23398,1.23392,1.233617
0.0,0.0,2018-03-13  02:14:00,86,1.23401,1.23395,1.233618
0.0,0.0,2018-03-13  02:15:00,73,1.23395,1.23389,1.233619
0.0,0.0,2018-03-13  02:16:00,34,1.234,1.23394,1.23362
0.0,0.0,2018-03-13  02:17:00,131,1.23409,1.23403,1.233621
0.0,0.0,2018-03-13  02:18:00,108,1.2339,1.23384,1.233622
0.0,0.0,2018-03-13  02:19:00,77,1.23395,1.23389,1.233623
0.0,0.0,2018-03-13  02:20:00,17,1.23394,1.23388,1.233624
0.0,0.0,2018-03-13  02:21:00,41,1.23391,1.23385,1.233625
0.0,0.0,2018-03-13  02:22:00,31,1.23394,1.23388,1.233626
0.0,0.0,2018-03-13  02:23:00,170,1.23396,1.2339,1.233627
0.0,0.0,2018-03-13  02:24:00,71,1.23389,1.23383,1.233628
0.0,0.0,2018-03-13  02:25:00,31,1.23391,1.23385,1.233629
0.0,0.0,2018-03-13  02:26:00,24,1.23389,1.23383,1.23363
0.0,0.0,2018-03-13  02:27:00,101,1.23383,1.23377,1.233631
0.0,1.23356,2018-03-13  02:28:00,102,1.23362,1.23356,1.233632
0.0,0.0,2018-03-13  02:29:00,108,1.23359,1.23353,1.233632
0.0,0.0,2018-03-13  02:30:00,166,1.2336,1.23354,1.233632
0.0,0.0,2018-03-13  02:31:00,35,1.23363,1.23357,1.233632
0.0,0.0,2018-03-13  02:32:00,6,1.23363,1.23357,1.233632
1.23362,1.23362,2018-03-13  02:33:00,63,1.23368,1.23362,1.233632
0.0,0.0,2018-03-13  02:34:00,78,1.23364,1.23349,1.233632
0.0,0.0,2018-03-13  02:35:00,120,1.23352,1.23346,1.233632
0.0,0.0,2018-03-13  02:36:00,259,1.23344,1.23338,1.233632
0.0,0.0,2018-03-13  02:37:00,238,1.23346,1.2334,1.233631
0.0,0.0,2018-03-13  02:38:00,113,1.23353,1.23347,1.23363
0.0,1.23367,2018-03-13  02:39:00,187,1.23373,1.23367,1.23363
0.0,0.0,2018-03-13  02:40:00,170,1.23369,1.23363,1.23363
1.23342,1.23342,2018-03-13  02:41:00,157,1.23348,1.23342,1.23363
0.0,0.0,2018-03-13  02:42:00,93,1.2335,1.23344,1.233629
0.0,0.0,2018-03-13  02:43:00,39,1.23354,1.23348,1.233628
0.0,0.0,2018-03-13  02:44:00,91,1.23359,1.23353,1.233628
0.0,0.0,2018-03-13  02:45:00,229,1.23344,1.23338,1.233628
0.0,0.0,2018-03-13  02:46:00,112,1.2335,1.23344,1.233627
0.0,0.0,2018-03-13  02:47:00,118,1.2335,1.23344,1.233626
0.0,0.0,2018-03-13  02:48:00,56,1.23345,1.23339,1.233625
0.0,0.0,2018-03-13  02:49:00,42,1.23352,1.23337,1.233624
0.0,0.0,2018-03-13  02:50:00,69,1.23352,1.23346,1.233623
1.23349,0.0,2018-03-13  02:51:00,100,1.23364,1.23349,1.233623
0.0,0.0,2018-03-13  02:52:00,115,1.23361,1.23355,1.233623
0.0,0.0,2018-03-13  02:53:00,49,1.2336,1.23354,1.233623
0.0,0.0,2018-03-13  02:54:00,53,1.23359,1.23353,1.233623
0.0,1.2336,2018-03-13  02:55:00,53,1.23366,1.2336,1.233623
0.0,0.0,2018-03-13  02:56:00,157,1.2335,1.23344,1.233623
0.0,0.0,2018-03-13  02:57:00,72,1.23345,1.23339,1.233622
0.0,0.0,2018-03-13  02:58:00,34,1.23347,1.23341,1.233621
0.0,0.0,2018-03-13  02:59:00,147,1.23346,1.2334,1.23362
0.0,0.0,2018-03-13  03:00:00,102,1.23338,1.23332,1.233619
0.0,0.0,2018-03-13  03:01:00,119,1.23345,1.23339,1.233618
0.0,0.0,2018-03-13  03:02:00,124,1.23345,1.23339,1.233617
0.0,0.0,2018-03-13  03:03:00,52,1.23351,1.23345,1.233616
0.0,0.0,2018-03-13  03:04:00,139,1.23344,1.23338,1.233616
0.0,0.0,2018-03-13  03:05:00,118,1.23348,1.23342,1.233615
0.0,0.0,2018-03-13  03:06:00,89,1.23351,1.23345,1.233614
0.0,0.0,2018-03-13  03:07:00,41,1.23353,1.23347,1.233614
0.0,0.0,2018-03-13  03:08:00,105,1.23351,1.23345,1.233614
0.0,0.0,2018-03-13  03:09:00,98,1.2335,1.23344,1.233614
0.0,0.0,2018-03-13  03:10:00,113,1.2335,1.23344,1.233614
0.0,0.0,2018-03-13  03:11:00,151,1.2334,1.23334,1.233614
0.0,0.0,2018-03-13  03:12:00,66,1.23341,1.23335,1.233613
0.0,0.0,2018-03-13  03:13:00,38,1.23344,1.23338,1.233612
0.0,0.0,2018-03-13  03:14:00,153,1.2334,1.23334,1.233611
0.0,0.0,2018-03-13  03:15:00,123,1.2334,1.23334,1.23361
0.0,0.0,2018-03-13  03:16:00,39,1.23339,1.23333,1.233609
0.0,0.0,2018-03-13  03:17:00,53,1.23341,1.23335,1.233608
0.0,0.0,2018-03-13  03:18:00,120,1.23339,1.23333,1.233607
0.0,0.0,2018-03-13  03:19:00,50,1.23341,1.23335,1.233606
0.0,0.0,2018-03-13  03:20:00,217,1.2334,1.23334,1.233605
0.0,0.0,2018-03-13  03:21:00,134,1.23341,1.23335,1.233604
0.0,0.0,2018-03-13  03:22:00,29,1.23342,1.23336,1.233603
0.0,0.0,2018-03-13  03:23:00,130,1.23351,1.23345,1.233602
0.0,0.0,2018-03-13  03:24:00,81,1.23346,1.2334,1.233602
0.0,0.0,2018-03-13  03:25:00,68,1.23351,1.23345,1.233601
0.0,0.0,2018-03-13  03:26:00,87,1.23353,1.23347,1.233601
0.0,0.0,2018-03-13  03:27:00,78,1.23354,1.23348,1.233601
0.0,0.0,2018-03-13  03:28:00,61,1.23351,1.23345,1.233601
0.0,0.0,2018-03-13  03:29:00,56,1.23349,1.23334,1.233601
0.0,0.0,2018-03-13  03:30:00,69,1.23339,1.23333,1.2336
0.0,0.0,2018-03-13  03:31:00,97,1.23341,1.23326,1.233599
0.0,0.0,2018-03-13  03:32:00,104,1.23335,1.23329,1.233598
0.0,0.0,2018-03-13  03:33:00,123,1.23341,1.23335,1.233597
0.0,0.0,2018-03-13  03:34:00,153,1.23339,1.23333,1.233596
0.0,0.0,2018-03-13  03:35:00,169,1.23351,1.23345,1.233595
0.0,0.0,2018-03-13  03:36:00,217,1.2334,1.23334,1.233595
0.0,0.0,2018-03-13  03:37:00,143,1.23341,1.23326,1.233594
0.0,0.0,2018-03-13  03:38:00,88,1.23337,1.23331,1.233593
0.0,0.0,2018-03-13  03:39:00,66,1.23336,1.2333,1.233592
0.0,0.0,2018-03-13  03:40:00,222,1.23336,1.2333,1.233591
0.0,0.0,2018-03-13  03:41:00,248,1.23341,1.23326,1.23359
0.0,0.0,2018-03-13  03:42:00,172,1.2336,1.23345,1.233589
0.0,0.0,2018-03-13  03:43:00,230,1.23346,1.2334,1.233589
0.0,0.0,2018-03-13  03:44:00,123,1.23346,1.2334,1.233588
0.0,0.0,2018-03-13  03:45:00,46,1.2335,1.23335,1.233587
0.0,0.0,2018-03-13  03:46:00,21,1.23347,1.23341,1.233586
0.0,0.0,2018-03-13  03:47:00,27,1.23347,1.23341,1.233586
0.0,0.0,2018-03-13  03:48:00,119,1.23351,1.23345,1.233586
0.0,0.0,2018-03-13  03:49:00,331,1.2333,1.23324,1.233586
0.0,0.0,2018-03-13  03:50:00,60,1.23338,1.23332,1.233585
0.0,0.0,2018-03-13  03:51:00,145,1.23319,1.23313,1.233584
0.0,0.0,2018-03-13  03:52:00,156,1.23319,1.23313,1.233583
0.0,0.0,2018-03-13  03:53:00,69,1.23315,1.23309,1.233582
0.0,0.0,2018-03-13  03:54:00,33,1.23315,1.23309,1.23358
0.0,0.0,2018-03-13  03:55:00,78,1.23319,1.23304,1.233578
0.0,0.0,2018-03-13  03:56:00,105,1.23321,1.23315,1.233576
0.0,0.0,2018-03-13  03:57:00,83,1.23316,1.2331,1.233575
0.0,0.0,2018-03-13  03:58:00,153,1.23322,1.23316,1.233574
0.0,0.0,2018-03-13  03:59:00,128,1.23324,1.23318,1.233573
0.0,0.0,2018-03-13  04:00:00,99,1.2333,1.23315,1.233572
0.0,0.0,2018-03-13  04:01:00,77,1.2332,1.23305,1.233571
0.0,0.0,2018-03-13  04:02:00,57,1.23316,1.2331,1.23357
0.0,0.0,2018-03-13  04:03:00,159,1.23321,1.23315,1.233569
0.0,0.0,2018-03-13  04:04:00,74,1.23318,1.23312,1.233568
0.0,0.0,2018-03-13  04:05:00,154,1.23312,1.23306,1.233567
0.0,0.0,2018-03-13  04:06:00,330,1.23323,1.23308,1.233565
0.0,0.0,2018-03-13  04:07:00,186,1.23315,1.23309,1.233564
0.0,0.0,2018-03-13  04:08:00,159,1.23311,1.23305,1.233563
0.0,0.0,2018-03-13  04:09:00,89,1.23318,1.23312,1.233561
0.0,0.0,2018-03-13  04:10:00,101,1.23324,1.23309,1.23356
0.0,0.0,2018-03-13  04:11:00,43,1.23315,1.23309,1.233559
0.0,0.0,2018-03-13  04:12:00,109,1.23315,1.233,1.233558
0.0,0.0,2018-03-13  04:13:00,83,1.23316,1.2331,1.233556
0.0,0.0,2018-03-13  04:14:00,39,1.23316,1.2331,1.233555
0.0,0.0,2018-03-13  04:15:00,63,1.23323,1.23317,1.233554
0.0,0.0,2018-03-13  04:16:00,204,1.23315,1.233,1.233553
0.0,0.0,2018-03-13  04:17:00,274,1.23324,1.23309,1.233551
0.0,0.0,2018-03-13  04:18:00,238,1.2332,1.23305,1.23355
0.0,0.0,2018-03-13  04:19:00,45,1.2332,1.23305,1.233549
0.0,0.0,2018-03-13  04:20:00,93,1.23315,1.23309,1.233548
0.0,0.0,2018-03-13  04:21:00,28,1.23316,1.2331,1.233547
0.0,0.0,2018-03-13  04:22:00,37,1.2332,1.23305,1.233546
0.0,0.0,2018-03-13  04:23:00,110,1.23312,1.23306,1.233545
0.0,0.0,2018-03-13  04:24:00,90,1.23316,1.2331,1.233543
0.0,0.0,2018-03-13  04:25:00,180,1.23315,1.23309,1.233542
0.0,0.0,2018-03-13  04:26:00,52,1.23315,1.23309,1.233541
0.0,0.0,2018-03-13  04:27:00,40,1.23316,1.2331,1.23354
0.0,0.0,2018-03-13  04:28:00,135,1.23319,1.23304,1.233539
0.0,0.0,2018-03-13  04:29:00,152,1.23316,1.2331,1.233538
0.0,0.0,2018-03-13  04:30:00,168,1.23311,1.23305,1.233537
0.0,0.0,2018-03-13  04:31:00,136,1.2332,1.23314,1.233535
0.0,0.0,2018-03-13  04:32:00,48,1.23327,1.23312,1.233534
0.0,0.0,2018-03-13  04:33:00,74,1.23326,1.2332,1.233533
0.0,0.0,2018-03-13  04:34:00,158,1.23336,1.2333,1.233532
0.0,0.0,2018-03-13  04:35:00,290,1.23321,1.23315,1.233531
0.0,0.0,2018-03-13  04:36:00,185,1.23317,1.23311,1.23353
0.0,0.0,2018-03-13  04:37:00,216,1.23306,1.233,1.233529
0.0,0.0,2018-03-13  04:38:00,144,1.23304,1.23298,1.233527
0.0,0.0,2018-03-13  04:39:00,137,1.23296,1.2329,1.233525
0.0,0.0,2018-03-13  04:40:00,153,1.23304,1.23298,1.233523
0.0,0.0,2018-03-13  04:41:00,222,1.23303,1.23297,1.233521
0.0,0.0,2018-03-13  04:42:00,225,1.2329,1.23284,1.233519
0.0,0.0,2018-03-13  04:43:00,480,1.23281,1.23275,1.233517
0.0,0.0,2018-03-13  04:44:00,347,1.23295,1.23289,1.233515
0.0,0.0,2018-03-13  04:45:00,121,1.23296,1.2329,1.233513
0.0,0.0,2018-03-13  04:46:00,143,1.23291,1.23285,1.233511
0.0,0.0,2018-03-13  04:47:00,276,1.23289,1.23274,1.233509
0.0,0.0,2018-03-13  04:48:00,325,1.23275,1.23269,1.233507
0.0,0.0,2018-03-13  04:49:00,132,1.23277,1.23271,1.233504
0.0,0.0,2018-03-13  04:50:00,229,1.23287,1.23281,1.233501
0.0,0.0,2018-03-13  04:51:00,164,1.2329,1.23275,1.233499
0.0,0.0,2018-03-13  04:52:00,96,1.23285,1.23279,1.233497
0.0,0.0,2018-03-13  04:53:00,154,1.2329,1.23275,1.233495
0.0,0.0,2018-03-13  04:54:00,98,1.23283,1.23277,1.233493
0.0,0.0,2018-03-13  04:55:00,148,1.23281,1.23275,1.233491
0.0,0.0,2018-03-13  04:56:00,50,1.23281,1.23275,1.233489
0.0,0.0,2018-03-13  04:57:00,103,1.23277,1.23271,1.233487
0.0,0.0,2018-03-13  04:58:00,209,1.23272,1.23266,1.233485
0.0,0.0,2018-03-13  04:59:00,100,1.23281,1.23275,1.233482
0.0,0.0,2018-03-13  05:00:00,153,1.23276,1.2327,1.23348
1.23264,0.0,2018-03-13  05:01:00,144,1.2327,1.23264,1.233478
1.23256,0.0,2018-03-13  05:02:00,216,1.23262,1.23256,1.233475
0.0,0.0,2018-03-13  05:03:00,274,1.2327,1.23264,1.233472
0.0,0.0,2018-03-13  05:04:00,133,1.23269,1.23263,1.233469
0.0,0.0,2018-03-13  05:05:00,300,1.23266,1.2326,1.233466
0.0,0.0,2018-03-13  05:06:00,137,1.2327,1.23264,1.233463
0.0,0.0,2018-03-13  05:07:00,98,1.23276,1.2327,1.23346
0.0,0.0,2018-03-13  05:08:00,201,1.23272,1.23266,1.233458
0.0,0.0,2018-03-13  05:09:00,237,1.23266,1.2326,1.233455
0.0,0.0,2018-03-13  05:10:00,252,1.23272,1.23266,1.233452
0.0,0.0,2018-03-13  05:11:00,131,1.23269,1.23263,1.233449
0.0,0.0,2018-03-13  05:12:00,105,1.23271,1.23265,1.233446
0.0,0.0,2018-03-13  05:13:00,141,1.23272,1.23266,1.233443
0.0,0.0,2018-03-13  05:14:00,194,1.2329,1.23275,1.23344
0.0,0.0,2018-03-13  05:15:00,102,1.23289,1.23283,1.233438
0.0,0.0,2018-03-13  05:16:00,42,1.23286,1.2328,1.233436
0.0,0.0,2018-03-13  05:17:00,64,1.23291,1.23285,1.233434
0.0,0.0,2018-03-13  05:18:00,55,1.23289,1.23283,1.233432
0.0,0.0,2018-03-13  05:19:00,73,1.23286,1.2328,1.23343
0.0,0.0,2018-03-13  05:20:00,177,1.23295,1.2328,1.233428
0.0,0.0,2018-03-13  05:21:00,118,1.23301,1.23286,1.233426
0.0,0.0,2018-03-13  05:22:00,109,1.23298,1.23283,1.233424
0.0,0.0,2018-03-13  05:23:00,117,1.23301,1.23295,1.233422
0.0,0.0,2018-03-13  05:24:00,157,1.233,1.23294,1.233421
0.0,0.0,2018-03-13  05:25:00,150,1.23299,1.23293,1.233419
0.0,0.0,2018-03-13  05:26:00,121,1.23298,1.23292,1.233417
0.0,0.0,2018-03-13  05:27:00,109,1.23293,1.23287,1.233415
0.0,0.0,2018-03-13  05:28:00,108,1.23287,1.23281,1.233413
0.0,0.0,2018-03-13  05:29:00,181,1.23285,1.23279,1.233411
0.0,0.0,2018-03-13  05:30:00,49,1.23283,1.23277,1.233409
0.0,0.0,2018-03-13  05:31:00,40,1.23286,1.23271,1.233407
0.0,0.0,2018-03-13  05:32:00,92,1.23284,1.23278,1.233405
0.0,0.0,2018-03-13  05:33:00,34,1.23289,1.23274,1.233403
0.0,0.0,2018-03-13  05:34:00,57,1.23289,1.23283,1.233401
0.0,0.0,2018-03-13  05:35:00,86,1.23287,1.23281,1.233399
0.0,0.0,2018-03-13  05:36:00,65,1.23278,1.23272,1.233397
0.0,0.0,2018-03-13  05:37:00,74,1.23265,1.23259,1.233395
0.0,0.0,2018-03-13  05:38:00,66,1.23264,1.23258,1.233392
0.0,0.0,2018-03-13  05:39:00,60,1.23265,1.23259,1.233389
0.0,0.0,2018-03-13  05:40:00,136,1.23274,1.23268,1.233386
0.0,0.0,2018-03-13  05:41:00,66,1.23278,1.23272,1.233384
0.0,0.0,2018-03-13  05:42:00,50,1.23273,1.23267,1.233382
0.0,0.0,2018-03-13  05:43:00,9,1.23274,1.23268,1.23338
0.0,0.0,2018-03-13  05:44:00,75,1.23272,1.23266,1.233378
0.0,0.0,2018-03-13  05:45:00,85,1.23274,1.23268,1.233376
0.0,0.0,2018-03-13  05:46:00,87,1.23264,1.23258,1.233374
0.0,0.0,2018-03-13  05:47:00,120,1.2327,1.23264,1.233371
0.0,0.0,2018-03-13  05:48:00,167,1.2328,1.23274,1.233369
0.0,0.0,2018-03-13  05:49:00,18,1.23283,1.23277,1.233367
0.0,0.0,2018-03-13  05:50:00,78,1.23277,1.23271,1.233365
0.0,0.0,2018-03-13  05:51:00,45,1.23275,1.23269,1.233363
0.0,0.0,2018-03-13  05:52:00,68,1.23286,1.2328,1.233361
0.0,0.0,2018-03-13  05:53:00,51,1.23289,1.23283,1.233359
0.0,0.0,2018-03-13  05:54:00,114,1.23296,1.2329,1.233357
0.0,0.0,2018-03-13  05:55:00,104,1.233,1.23294,1.233356
0.0,0.0,2018-03-13  05:56:00,65,1.23299,1.23293,1.233355
0.0,0.0,2018-03-13  05:57:00,60,1.23295,1.23289,1.233354
0.0,0.0,2018-03-13  05:58:00,71,1.23285,1.23279,1.233353
0.0,0.0,2018-03-13  05:59:00,81,1.2329,1.23275,1.233351
0.0,0.0,2018-03-13  06:00:00,289,1.233,1.23285,1.233349
0.0,0.0,2018-03-13  06:01:00,96,1.23288,1.23282,1.233348
0.0,0.0,2018-03-13  06:02:00,134,1.2328,1.23274,1.233346
0.0,0.0,2018-03-13  06:03:00,90,1.23278,1.23263,1.233344
0.0,0.0,2018-03-13  06:04:00,70,1.2327,1.23264,1.233342
0.0,0.0,2018-03-13  06:05:00,39,1.23271,1.23265,1.23334
0.0,0.0,2018-03-13  06:06:00,273,1.23289,1.23274,1.233338
0.0,0.0,2018-03-13  06:07:00,168,1.23294,1.23288,1.233336
0.0,0.0,2018-03-13  06:08:00,178,1.23304,1.23298,1.233335
0.0,0.0,2018-03-13  06:09:00,137,1.23324,1.23309,1.233334
0.0,0.0,2018-03-13  06:10:00,165,1.23309,1.23303,1.233333
0.0,0.0,2018-03-13  06:11:00,83,1.23305,1.23299,1.233332
0.0,0.0,2018-03-13  06:12:00,37,1.23299,1.23293,1.233331
0.0,0.0,2018-03-13  06:13:00,134,1.23298,1.23292,1.23333
0.0,0.0,2018-03-13  06:14:00,93,1.23301,1.23295,1.233329
0.0,0.0,2018-03-13  06:15:00,66,1.23295,1.23289,1.233328
0.0,0.0,2018-03-13  06:16:00,21,1.23296,1.2329,1.233327
0.0,0.0,2018-03-13  06:17:00,208,1.2332,1.23314,1.233326
0.0,0.0,2018-03-13  06:18:00,187,1.23331,1.23325,1.233325
0.0,0.0,2018-03-13  06:19:00,126,1.23336,1.2333,1.233325
0.0,0.0,2018-03-13  06:20:00,244,1.2335,1.23344,1.233325
0.0,0.0,2018-03-13  06:21:00,136,1.23345,1.23339,1.233325
0.0,0.0,2018-03-13  06:22:00,120,1.23346,1.2334,1.233325
0.0,0.0,2018-03-13  06:23:00,174,1.23341,1.23335,1.233325
0.0,0.0,2018-03-13  06:24:00,253,1.23345,1.23339,1.233325
0.0,0.0,2018-03-13  06:25:00,228,1.2335,1.23344,1.233325
0.0,0.0,2018-03-13  06:26:00,153,1.23345,1.23339,1.233325
1.23332,0.0,2018-03-13  06:27:00,49,1.23338,1.23332,1.233325
0.0,0.0,2018-03-13  06:28:00,176,1.23343,1.23337,1.233325
0.0,0.0,2018-03-13  06:29:00,222,1.23346,1.2334,1.233325
0.0,0.0,2018-03-13  06:30:00,338,1.2335,1.23344,1.233325
0.0,0.0,2018-03-13  06:31:00,218,1.23339,1.23333,1.233325
0.0,0.0,2018-03-13  06:32:00,224,1.2336,1.23354,1.233325
0.0,0.0,2018-03-13  06:33:00,191,1.23339,1.23333,1.233326
0.0,0.0,2018-03-13  06:34:00,119,1.23333,1.23327,1.233326
0.0,0.0,2018-03-13  06:35:00,183,1.23334,1.23328,1.233326
0.0,0.0,2018-03-13  06:36:00,270,1.23339,1.23333,1.233326
0.0,0.0,2018-03-13  06:37:00,398,1.23309,1.23303,1.233326
0.0,0.0,2018-03-13  06:38:00,123,1.23306,1.233,1.233325
0.0,0.0,2018-03-13  06:39:00,251,1.2329,1.23284,1.233324
0.0,0.0,2018-03-13  06:40:00,219,1.23307,1.23301,1.233322
0.0,0.0,2018-03-13  06:41:00,153,1.23295,1.2328,1.233321
0.0,0.0,2018-03-13  06:42:00,471,1.2327,1.23264,1.23332
0.0,0.0,2018-03-13  06:43:00,358,1.23288,1.23282,1.233318
0.0,0.0,2018-03-13  06:44:00,253,1.23294,1.23288,1.233316
0.0,0.0,2018-03-13  06:45:00,224,1.233,1.23294,1.233315
0.0,0.0,2018-03-13  06:46:00,162,1.23292,1.23286,1.233314
0.0,0.0,2018-03-13  06:47:00,342,1.23277,1.23262,1.233313
0.0,0.0,2018-03-13  06:48:00,206,1.23258,1.23243,1.233311
0.0,0.0,2018-03-13  06:49:00,380,1.23261,1.23255,1.233308
0.0,0.0,2018-03-13  06:50:00,338,1.2328,1.23274,1.233306
0.0,0.0,2018-03-13  06:51:00,100,1.23285,1.23279,1.233304
0.0,0.0,2018-03-13  06:52:00,570,1.23269,1.23263,1.233302
0.0,0.0,2018-03-13  06:53:00,445,1.23272,1.23266,1.2333
0.0,0.0,2018-03-13  06:54:00,119,1.23265,1.23259,1.233298
0.0,0.0,2018-03-13  06:55:00,215,1.23279,1.23273,1.233296
0.0,0.0,2018-03-13  06:56:00,206,1.23296,1.2329,1.233294
0.0,0.0,2018-03-13  06:57:00,128,1.23304,1.23289,1.233293
0.0,0.0,2018-03-13  06:58:00,52,1.23298,1.23292,1.233292
0.0,0.0,2018-03-13  06:59:00,151,1.23289,1.23283,1.233291
0.0,0.0,2018-03-13  07:00:00,222,1.23274,1.23268,1.23329
0.0,0.0,2018-03-13  07:01:00,131,1.23265,1.23259,1.233288
0.0,0.0,2018-03-13  07:02:00,283,1.23302,1.23287,1.233286
0.0,0.0,2018-03-13  07:03:00,287,1.23305,1.2329,1.233285
0.0,0.0,2018-03-13  07:04:00,126,1.23309,1.23303,1.233284
0.0,0.0,2018-03-13  07:05:00,218,1.23305,1.2329,1.233283
0.0,0.0,2018-03-13  07:06:00,264,1.23299,1.23284,1.233282
0.0,0.0,2018-03-13  07:07:00,113,1.23291,1.23285,1.233281
0.0,0.0,2018-03-13  07:08:00,326,1.23303,1.23288,1.23328
0.0,0.0,2018-03-13  07:09:00,283,1.2331,1.23295,1.233279
0.0,0.0,2018-03-13  07:10:00,181,1.2331,1.23304,1.233278
0.0,0.0,2018-03-13  07:11:00,119,1.23308,1.23302,1.233277
1.23328,0.0,2018-03-13  07:12:00,482,1.23334,1.23328,1.233276
0.0,0.0,2018-03-13  07:13:00,251,1.23312,1.23306,1.233276
0.0,0.0,2018-03-13  07:14:00,303,1.23295,1.23289,1.233275
0.0,0.0,2018-03-13  07:15:00,365,1.23298,1.23292,1.233274
0.0,0.0,2018-03-13  07:16:00,259,1.23281,1.23275,1.233273
0.0,0.0,2018-03-13  07:17:00,171,1.23293,1.23287,1.233271
0.0,0.0,2018-03-13  07:18:00,182,1.23289,1.23274,1.23327
0.0,0.0,2018-03-13  07:19:00,267,1.23304,1.23289,1.233268
0.0,0.0,2018-03-13  07:20:00,285,1.233,1.23294,1.233267
0.0,0.0,2018-03-13  07:21:00,111,1.23299,1.23293,1.233266
0.0,0.0,2018-03-13  07:22:00,137,1.23289,1.23274,1.233265
0.0,0.0,2018-03-13  07:23:00,219,1.23289,1.23283,1.233264
0.0,0.0,2018-03-13  07:24:00,156,1.23278,1.23272,1.233263
0.0,0.0,2018-03-13  07:25:00,137,1.23285,1.23279,1.233261
0.0,0.0,2018-03-13  07:26:00,165,1.23306,1.233,1.23326
0.0,0.0,2018-03-13  07:27:00,534,1.23324,1.23318,1.233259
0.0,0.0,2018-03-13  07:28:00,397,1.23299,1.23293,1.233259
0.0,0.0,2018-03-13  07:29:00,137,1.23283,1.23277,1.233258
0.0,0.0,2018-03-13  07:30:00,173,1.23275,1.23269,1.233256
0.0,0.0,2018-03-13  07:31:00,333,1.23265,1.23259,1.233254
0.0,0.0,2018-03-13  07:32:00,272,1.23275,1.23269,1.233252
0.0,0.0,2018-03-13  07:33:00,219,1.23262,1.23256,1.23325
0.0,0.0,2018-03-13  07:34:00,356,1.23255,1.23249,1.233248
0.0,0.0,2018-03-13  07:35:00,694,1.23244,1.23238,1.233246
0.0,0.0,2018-03-13  07:36:00,212,1.23251,1.23245,1.233243
0.0,0.0,2018-03-13  07:37:00,619,1.23231,1.23225,1.23324
0.0,0.0,2018-03-13  07:38:00,345,1.2323,1.23224,1.233237
0.0,0.0,2018-03-13  07:39:00,567,1.23224,1.23218,1.233234
0.0,0.0,2018-03-13  07:40:00,570,1.23239,1.23224,1.233231
0.0,0.0,2018-03-13  07:41:00,554,1.2321,1.23204,1.233228
0.0,0.0,2018-03-13  07:42:00,589,1.2322,1.23214,1.233224
0.0,0.0,2018-03-13  07:43:00,343,1.23227,1.23221,1.23322
0.0,0.0,2018-03-13  07:44:00,446,1.23211,1.23205,1.233217
0.0,0.0,2018-03-13  07:45:00,355,1.2323,1.23215,1.233213
0.0,0.0,2018-03-13  07:46:00,450,1.23205,1.2319,1.23321
0.0,0.0,2018-03-13  07:47:00,330,1.23206,1.232,1.233206
0.0,0.0,2018-03-13  07:48:00,233,1.23211,1.23205,1.233202
0.0,0.0,2018-03-13  07:49:00,243,1.23209,1.23194,1.233198
0.0,0.0,2018-03-13  07:50:00,384,1.2318,1.23174,1.233194
0.0,0.0,2018-03-13  07:51:00,592,1.23185,1.23179,1.233189
0.0,0.0,2018-03-13  07:52:00,240,1.23199,1.23193,1.233184
0.0,0.0,2018-03-13  07:53:00,266,1.232,1.23194,1.23318
0.0,0.0,2018-03-13  07:54:00,374,1.23196,1.2319,1.233176
0.0,0.0,2018-03-13  07:55:00,178,1.232,1.23194,1.233172
0.0,0.0,2018-03-13  07:56:00,470,1.2322,1.23214,1.233168
0.0,0.0,2018-03-13  07:57:00,472,1.2322,1.23214,1.233165
0.0,0.0,2018-03-13  07:58:00,358,1.23194,1.23188,1.233162
0.0,0.0,2018-03-13  07:59:00,398,1.232,1.23194,1.233158
0.0,0.0,2018-03-13  08:00:00,437,1.23185,1.23179,1.233154
0.0,0.0,2018-03-13  08:01:00,553,1.23179,1.23164,1.23315
0.0,0.0,2018-03-13  08:02:00,628,1.2317,1.23164,1.233145
0.0,0.0,2018-03-13  08:03:00,494,1.23149,1.23143,1.23314
0.0,0.0,2018-03-13  08:04:00,405,1.23189,1.23183,1.233134
0.0,0.0,2018-03-13  08:05:00,386,1.23186,1.23171,1.23313
0.0,0.0,2018-03-13  08:06:00,556,1.2318,1.23174,1.233126
0.0,0.0,2018-03-13  08:07:00,493,1.23216,1.2321,1.233121
0.0,0.0,2018-03-13  08:08:00,645,1.23215,1.23209,1.233118
0.0,0.0,2018-03-13  08:09:00,241,1.23235,1.23229,1.233115
0.0,0.0,2018-03-13  08:10:00,352,1.23213,1.23207,1.233112
0.0,0.0,2018-03-13  08:11:00,286,1.23211,1.23205,1.233109
0.0,0.0,2018-03-13  08:12:00,484,1.2319,1.23184,1.233106
0.0,0.0,2018-03-13  08:13:00,306,1.23191,1.23176,1.233102
0.0,0.0,2018-03-13  08:14:00,382,1.2321,1.23204,1.233098
0.0,0.0,2018-03-13  08:15:00,332,1.23229,1.23223,1.233095
0.0,0.0,2018-03-13  08:16:00,427,1.23236,1.23221,1.233092
0.0,0.0,2018-03-13  08:17:00,150,1.23225,1.23219,1.233089
0.0,0.0,2018-03-13  08:18:00,135,1.23216,1.2321,1.233086
0.0,0.0,2018-03-13  08:19:00,208,1.23214,1.23208,1.233083
0.0,0.0,2018-03-13  08:20:00,247,1.23236,1.2323,1.23308
0.0,0.0,2018-03-13  08:21:00,160,1.23235,1.23229,1.233078
0.0,0.0,2018-03-13  08:22:00,255,1.23233,1.23227,1.233075
0.0,0.0,2018-03-13  08:23:00,193,1.23241,1.23235,1.233072
0.0,0.0,2018-03-13  08:24:00,255,1.23261,1.23255,1.23307
0.0,0.0,2018-03-13  08:25:00,348,1.23255,1.23249,1.233068
0.0,0.0,2018-03-13  08:26:00,245,1.23272,1.23266,1.233066
0.0,0.0,2018-03-13  08:27:00,307,1.2326,1.23254,1.233065
0.0,0.0,2018-03-13  08:28:00,231,1.23256,1.2325,1.233063
0.0,0.0,2018-03-13  08:29:00,243,1.23281,1.23275,1.233061
0.0,0.0,2018-03-13  08:30:00,323,1.23285,1.23279,1.23306
0.0,0.0,2018-03-13  08:31:00,299,1.2329,1.23284,1.233059
0.0,0.0,2018-03-13  08:32:00,293,1.23289,1.23283,1.233058
0.0,0.0,2018-03-13  08:33:00,210,1.23284,1.23278,1.233057
0.0,0.0,2018-03-13  08:34:00,428,1.23299,1.23293,1.233056
0.0,0.0,2018-03-13  08:35:00,237,1.23298,1.23292,1.233056
0.0,0.0,2018-03-13  08:36:00,299,1.2329,1.23284,1.233056
0.0,0.0,2018-03-13  08:37:00,237,1.23305,1.23299,1.233055
0.0,0.0,2018-03-13  08:38:00,199,1.23291,1.23285,1.233055
0.0,0.0,2018-03-13  08:39:00,144,1.23289,1.23283,1.233054
0.0,0.0,2018-03-13  08:40:00,130,1.23285,1.23279,1.233053
0.0,0.0,2018-03-13  08:41:00,84,1.23292,1.23286,1.233052
1.23317,0.0,2018-03-13  08:42:00,255,1.23323,1.23317,1.233051
0.0,0.0,2018-03-13  08:43:00,300,1.23313,1.23307,1.233051
1.23301,0.0,2018-03-13  08:44:00,306,1.23307,1.23301,1.233051
0.0,0.0,2018-03-13  08:45:00,448,1.2333,1.23324,1.233051
0.0,0.0,2018-03-13  08:46:00,291,1.23331,1.23325,1.233052
0.0,0.0,2018-03-13  08:47:00,409,1.23342,1.23336,1.233053
0.0,0.0,2018-03-13  08:48:00,302,1.23323,1.23317,1.233054
0.0,0.0,2018-03-13  08:49:00,174,1.23322,1.23316,1.233054
0.0,0.0,2018-03-13  08:50:00,170,1.23314,1.23308,1.233054
0.0,0.0,2018-03-13  08:51:00,523,1.23334,1.23328,1.233054
0.0,0.0,2018-03-13  08:52:00,225,1.23333,1.23327,1.233055
0.0,0.0,2018-03-13  08:53:00,212,1.23326,1.2332,1.233056
0.0,0.0,2018-03-13  08:54:00,209,1.23324,1.23318,1.233057
0.0,0.0,2018-03-13  08:55:00,153,1.23328,1.23322,1.233058
0.0,0.0,2018-03-13  08:56:00,217,1.2333,1.23315,1.233059
0.0,0.0,2018-03-13  08:57:00,109,1.23325,1.23319,1.23306
0.0,0.0,2018-03-13  08:58:00,177,1.23337,1.23331,1.233061
0.0,0.0,2018-03-13  08:59:00,189,1.23343,1.23337,1.233062
0.0,0.0,2018-03-13  09:00:00,258,1.2335,1.23344,1.233063
0.0,0.0,2018-03-13  09:01:00,497,1.23369,1.23363,1.233064
0.0,0.0,2018-03-13  09:02:00,231,1.2337,1.23364,1.233066
0.0,0.0,2018-03-13  09:03:00,554,1.23365,1.23359,1.233068
0.0,0.0,2018-03-13  09:04:00,331,1.23344,1.23338,1.23307
0.0,0.0,2018-03-13  09:05:00,332,1.23357,1.23351,1.233071
0.0,0.0,2018-03-13  09:06:00,233,1.23336,1.2333,1.233073
0.0,0.0,2018-03-13  09:07:00,368,1.23335,1.2332,1.233074
0.0,0.0,2018-03-13  09:08:00,305,1.23338,1.23323,1.233075
0.0,0.0,2018-03-13  09:09:00,365,1.23324,1.23318,1.233076
0.0,0.0,2018-03-13  09:10:00,514,1.23329,1.23323,1.233076
0.0,0.0,2018-03-13  09:11:00,565,1.233,1.23285,1.233077
0.0,0.0,2018-03-13  09:12:00,687,1.233,1.23294,1.233076
0.0,0.0,2018-03-13  09:13:00,491,1.23305,1.23299,1.233076
1.23315,0.0,2018-03-13  09:14:00,433,1.23321,1.23315,1.233076
1.23277,0.0,2018-03-13  09:15:00,420,1.23292,1.23277,1.233076
0.0,0.0,2018-03-13  09:16:00,521,1.23276,1.2327,1.233075
0.0,0.0,2018-03-13  09:17:00,269,1.23271,1.23265,1.233074
0.0,0.0,2018-03-13  09:18:00,726,1.23295,1.2328,1.233073
0.0,0.0,2018-03-13  09:19:00,333,1.23265,1.23259,1.233072
0.0,0.0,2018-03-13  09:20:00,374,1.23276,1.2327,1.23307
0.0,0.0,2018-03-13  09:21:00,484,1.23286,1.2328,1.233069
0.0,0.0,2018-03-13  09:22:00,309,1.23285,1.23279,1.233068
0.0,0.0,2018-03-13  09:23:00,188,1.23291,1.23285,1.233067
0.0,0.0,2018-03-13  09:24:00,203,1.23286,1.2328,1.233066
0.0,0.0,2018-03-13  09:25:00,227,1.23283,1.23277,1.233065
0.0,0.0,2018-03-13  09:26:00,585,1.23275,1.23269,1.233064
0.0,0.0,2018-03-13  09:27:00,448,1.23299,1.23293,1.233063
1.233,0.0,2018-03-13  09:28:00,544,1.23315,1.233,1.233063
0.0,0.0,2018-03-13  09:29:00,315,1.23332,1.23326,1.233063
0.0,0.0,2018-03-13  09:30:00,513,1.23315,1.23309,1.233064
0.0,0.0,2018-03-13  09:31:00,335,1.23321,1.23315,1.233064
0.0,0.0,2018-03-13  09:32:00,541,1.23315,1.23309,1.233064
1.23291,0.0,2018-03-13  09:33:00,323,1.23297,1.23291,1.233064
0.0,0.0,2018-03-13  09:34:00,249,1.23297,1.23291,1.233064
1.23301,0.0,2018-03-13  09:35:00,381,1.23307,1.23301,1.233064
0.0,0.0,2018-03-13  09:36:00,170,1.2331,1.23304,1.233064
0.0,0.0,2018-03-13  09:37:00,271,1.23305,1.23299,1.233064
0.0,0.0,2018-03-13  09:38:00,210,1.233,1.23294,1.233064
0.0,0.0,2018-03-13  09:39:00,364,1.23319,1.23313,1.233064
1.23305,0.0,2018-03-13  09:40:00,178,1.23311,1.23305,1.233064
0.0,0.0,2018-03-13  09:41:00,86,1.23314,1.23308,1.233064
0.0,0.0,2018-03-13  09:42:00,306,1.23316,1.2331,1.233064
0.0,0.0,2018-03-13  09:43:00,142,1.23301,1.23295,1.233064
0.0,0.0,2018-03-13  09:44:00,147,1.233,1.23294,1.233064
0.0,0.0,2018-03-13  09:45:00,176,1.23289,1.23283,1.233064
0.0,0.0,2018-03-13  09:46:00,118,1.23299,1.23293,1.233063
0.0,0.0,2018-03-13  09:47:00,182,1.2329,1.23284,1.233063
0.0,0.0,2018-03-13  09:48:00,209,1.23273,1.23267,1.233062
0.0,0.0,2018-03-13  09:49:00,201,1.23265,1.23259,1.233061
0.0,0.0,2018-03-13  09:50:00,385,1.23245,1.23239,1.23306
0.0,0.0,2018-03-13  09:51:00,222,1.23253,1.23247,1.233058
0.0,0.0,2018-03-13  09:52:00,390,1.23264,1.23258,1.233056
0.0,0.0,2018-03-13  09:53:00,494,1.23288,1.23282,1.233055
0.0,0.0,2018-03-13  09:54:00,150,1.23281,1.23275,1.233054
0.0,0.0,2018-03-13  09:55:00,142,1.23279,1.23273,1.233053
0.0,0.0,2018-03-13  09:56:00,131,1.23285,1.23279,1.233052
0.0,0.0,2018-03-13  09:57:00,200,1.23294,1.23288,1.233051
0.0,0.0,2018-03-13  09:58:00,183,1.23296,1.2329,1.233051
0.0,0.0,2018-03-13  09:59:00,495,1.23297,1.23291,1.233051
0.0,0.0,2018-03-13  10:00:00,343,1.23284,1.23278,1.233051
0.0,0.0,2018-03-13  10:01:00,152,1.23277,1.23271,1.23305
0.0,0.0,2018-03-13  10:02:00,68,1.23276,1.2327,1.233049
0.0,0.0,2018-03-13  10:03:00,132,1.23275,1.23269,1.233048
0.0,0.0,2018-03-13  10:04:00,127,1.2328,1.23274,1.233047
0.0,0.0,2018-03-13  10:05:00,92,1.23283,1.23277,1.233046
0.0,0.0,2018-03-13  10:06:00,92,1.23284,1.23278,1.233045
0.0,0.0,2018-03-13  10:07:00,165,1.23289,1.23283,1.233044
0.0,0.0,2018-03-13  10:08:00,140,1.23289,1.23283,1.233043
0.0,0.0,2018-03-13  10:09:00,101,1.23291,1.23285,1.233042
0.0,0.0,2018-03-13  10:10:00,162,1.23296,1.2329,1.233041
0.0,0.0,2018-03-13  10:11:00,213,1.23296,1.2329,1.233041
0.0,0.0,2018-03-13  10:12:00,187,1.23289,1.23283,1.233041
0.0,0.0,2018-03-13  10:13:00,116,1.23295,1.23289,1.23304
1.23307,0.0,2018-03-13  10:14:00,274,1.23322,1.23307,1.23304
1.23303,0.0,2018-03-13  10:15:00,149,1.23309,1.23303,1.23304
0.0,0.0,2018-03-13  10:16:00,298,1.23301,1.23295,1.23304
0.0,0.0,2018-03-13  10:17:00,224,1.23289,1.23283,1.23304
0.0,0.0,2018-03-13  10:18:00,287,1.23302,1.23287,1.233039
0.0,0.0,2018-03-13  10:19:00,140,1.23298,1.23292,1.233039
0.0,0.0,2018-03-13  10:20:00,121,1.23294,1.23288,1.233039
0.0,0.0,2018-03-13  10:21:00,115,1.23289,1.23283,1.233039
0.0,0.0,2018-03-13  10:22:00,181,1.23299,1.23293,1.233038
0.0,0.0,2018-03-13  10:23:00,106,1.23301,1.23295,1.233038
0.0,0.0,2018-03-13  10:24:00,56,1.23301,1.23295,1.233038
1.23298,0.0,2018-03-13  10:25:00,170,1.23304,1.23298,1.233038
0.0,0.0,2018-03-13  10:26:00,117,1.23315,1.23309,1.233038
0.0,0.0,2018-03-13  10:27:00,88,1.23315,1.23309,1.233038
0.0,0.0,2018-03-13  10:28:00,66,1.2331,1.23304,1.233038
1.23297,0.0,2018-03-13  10:29:00,92,1.23303,1.23297,1.233038
0.0,0.0,2018-03-13  10:30:00,155,1.23284,1.23278,1.233038
0.0,0.0,2018-03-13  10:31:00,148,1.23285,1.23279,1.233037
0.0,0.0,2018-03-13  10:32:00,110,1.23302,1.23296,1.233036
1.23298,0.0,2018-03-13  10:33:00,99,1.23304,1.23298,1.233036
0.0,0.0,2018-03-13  10:34:00,85,1.23299,1.23284,1.233036
0.0,0.0,2018-03-13  10:35:00,182,1.23293,1.23287,1.233036
0.0,0.0,2018-03-13  10:36:00,161,1.2331,1.23304,1.233036
1.23276,0.0,2018-03-13  10:37:00,396,1.23291,1.23276,1.233036
1.2331,0.0,2018-03-13  10:38:00,411,1.23316,1.2331,1.233035
1.23303,0.0,2018-03-13  10:39:00,169,1.23309,1.23303,1.233035
0.0,0.0,2018-03-13  10:40:00,132,1.23307,1.23301,1.233035
0.0,0.0,2018-03-13  10:41:00,167,1.23304,1.23298,1.233035
0.0,0.0,2018-03-13  10:42:00,120,1.23309,1.23303,1.233035
0.0,0.0,2018-03-13  10:43:00,192,1.23329,1.23323,1.233035
0.0,0.0,2018-03-13  10:44:00,157,1.23324,1.23318,1.233036
1.23455,0.0,2018-03-13  10:45:00,1870,1.23461,1.23455,1.233037
0.0,0.0,2018-03-13  10:46:00,1724,1.23406,1.234,1.233042
0.0,0.0,2018-03-13  10:47:00,668,1.23398,1.23392,1.233045
0.0,0.0,2018-03-13  10:48:00,694,1.23399,1.23393,1.233048
0.0,0.0,2018-03-13  10:49:00,753,1.2336,1.23354,1.233051
0.0,0.0,2018-03-13  10:50:00,609,1.23359,1.23353,1.233053
0.0,0.0,2018-03-13  10:51:00,529,1.23342,1.23336,1.233055
0.0,0.0,2018-03-13  10:52:00,341,1.23346,1.2334,1.233056
0.0,0.0,2018-03-13  10:53:00,209,1.2334,1.23334,1.233057
0.0,0.0,2018-03-13  10:54:00,138,1.23346,1.2334,1.233058
0.0,0.0,2018-03-13  10:55:00,270,1.23336,1.2333,1.233059
0.0,0.0,2018-03-13  10:56:00,425,1.23302,1.23296,1.23306
1.23305,0.0,2018-03-13  10:57:00,447,1.23311,1.23305,1.23306
0.0,0.0,2018-03-13  10:58:00,387,1.23303,1.23297,1.23306
0.0,0.0,2018-03-13  10:59:00,282,1.23301,1.23295,1.23306
0.0,0.0,2018-03-13  11:00:00,409,1.23297,1.23291,1.23306
0.0,0.0,2018-03-13  11:01:00,305,1.23295,1.23289,1.23306
0.0,0.0,2018-03-13  11:02:00,576,1.23282,1.23276,1.23306
0.0,0.0,2018-03-13  11:03:00,389,1.23291,1.23285,1.233059
0.0,0.0,2018-03-13  11:04:00,191,1.2329,1.23284,1.233058
0.0,0.0,2018-03-13  11:05:00,386,1.23301,1.23295,1.233057
0.0,0.0,2018-03-13  11:06:00,311,1.23295,1.23289,1.233057
0.0,0.0,2018-03-13  11:07:00,315,1.23318,1.23312,1.233057
0.0,0.0,2018-03-13  11:08:00,611,1.23334,1.23328,1.233057
0.0,0.0,2018-03-13  11:09:00,386,1.23343,1.23337,1.233058
0.0,0.0,2018-03-13  11:10:00,248,1.23349,1.23343,1.233059
0.0,0.0,2018-03-13  11:11:00,388,1.23366,1.2336,1.23306
0.0,0.0,2018-03-13  11:12:00,344,1.23363,1.23357,1.233062
0.0,0.0,2018-03-13  11:13:00,251,1.23359,1.23344,1.233064
0.0,0.0,2018-03-13  11:14:00,320,1.23356,1.2335,1.233066
0.0,0.0,2018-03-13  11:15:00,251,1.23353,1.23347,1.233068
0.0,0.0,2018-03-13  11:16:00,588,1.2334,1.23334,1.233069
0.0,0.0,2018-03-13  11:17:00,349,1.23319,1.23313,1.23307
0.0,0.0,2018-03-13  11:18:00,208,1.23324,1.23318,1.23307
0.0,0.0,2018-03-13  11:19:00,260,1.23333,1.23327,1.23307
0.0,0.0,2018-03-13  11:20:00,230,1.23344,1.23338,1.233071
0.0,0.0,2018-03-13  11:21:00,367,1.23371,1.23365,1.233072
0.0,0.0,2018-03-13  11:22:00,329,1.23365,1.23359,1.233074
0.0,0.0,2018-03-13  11:23:00,341,1.23375,1.23369,1.233076
0.0,0.0,2018-03-13  11:24:00,230,1.2338,1.23374,1.233078
0.0,0.0,2018-03-13  11:25:00,230,1.23366,1.2336,1.23308
0.0,0.0,2018-03-13  11:26:00,210,1.23353,1.23347,1.233082
0.0,0.0,2018-03-13  11:27:00,262,1.23343,1.23337,1.233083
0.0,0.0,2018-03-13  11:28:00,249,1.23353,1.23347,1.233084
0.0,0.0,2018-03-13  11:29:00,133,1.23366,1.2336,1.233085
0.0,0.0,2018-03-13  11:30:00,159,1.23378,1.23372,1.233087
0.0,0.0,2018-03-13  11:31:00,98,1.23383,1.23377,1.233089
0.0,0.0,2018-03-13  11:32:00,208,1.23378,1.23372,1.233091
0.0,0.0,2018-03-13  11:33:00,352,1.23397,1.23391,1.233093
0.0,0.0,2018-03-13  11:34:00,196,1.23415,1.23409,1.233096
0.0,0.0,2018-03-13  11:35:00,243,1.23393,1.23387,1.233099
0.0,0.0,2018-03-13  11:36:00,206,1.23378,1.23372,1.233102
0.0,0.0,2018-03-13  11:37:00,202,1.23373,1.23367,1.233104
0.0,0.0,2018-03-13  11:38:00,74,1.23383,1.23377,1.233106
0.0,0.0,2018-03-13  11:39:00,96,1.23392,1.23386,1.233108
0.0,0.0,2018-03-13  11:40:00,151,1.23393,1.23387,1.233111
0.0,0.0,2018-03-13  11:41:00,116,1.23381,1.23375,1.233114
0.0,0.0,2018-03-13  11:42:00,97,1.2338,1.23374,1.233116
0.0,0.0,2018-03-13  11:43:00,141,1.23384,1.23378,1.233118
0.0,0.0,2018-03-13  11:44:00,150,1.23393,1.23387,1.23312
0.0,0.0,2018-03-13  11:45:00,120,1.23401,1.23395,1.233123
0.0,0.0,2018-03-13  11:46:00,256,1.23411,1.23405,1.233126
0.0,0.0,2018-03-13  11:47:00,213,1.23399,1.23393,1.233129
0.0,0.0,2018-03-13  11:48:00,94,1.23399,1.23393,1.233132
0.0,0.0,2018-03-13  11:49:00,60,1.23394,1.23388,1.233135
0.0,0.0,2018-03-13  11:50:00,219,1.23385,1.23379,1.233138
0.0,0.0,2018-03-13  11:51:00,334,1.23363,1.23357,1.23314
0.0,0.0,2018-03-13  11:52:00,192,1.23364,1.23358,1.233142
0.0,0.0,2018-03-13  11:53:00,376,1.23354,1.23348,1.233144
0.0,0.0,2018-03-13  11:54:00,177,1.23353,1.23347,1.233145
0.0,0.0,2018-03-13  11:55:00,90,1.23353,1.23347,1.233146
0.0,0.0,2018-03-13  11:56:00,115,1.23354,1.23348,1.233147
0.0,0.0,2018-03-13  11:57:00,64,1.23355,1.23349,1.233148
0.0,0.0,2018-03-13  11:58:00,110,1.23363,1.23357,1.233149
0.0,0.0,2018-03-13  11:59:00,66,1.23373,1.23367,1.233151
0.0,0.0,2018-03-13  12:00:00,250,1.23356,1.2335,1.233153
0.0,0.0,2018-03-13  12:01:00,379,1.23369,1.23363,1.233154
0.0,0.0,2018-03-13  12:02:00,189,1.23384,1.23378,1.233156
0.0,0.0,2018-03-13  12:03:00,121,1.23384,1.23378,1.233158
0.0,0.0,2018-03-13  12:04:00,90,1.23373,1.23367,1.23316
0.0,0.0,2018-03-13  12:05:00,148,1.23394,1.23388,1.233162
0.0,0.0,2018-03-13  12:06:00,117,1.23387,1.23381,1.233164
0.0,0.0,2018-03-13  12:07:00,168,1.234,1.23394,1.233166
0.0,0.0,2018-03-13  12:08:00,227,1.23409,1.23403,1.233169
0.0,0.0,2018-03-13  12:09:00,122,1.23412,1.23406,1.233172
0.0,0.0,2018-03-13  12:10:00,208,1.23397,1.23391,1.233175
0.0,0.0,2018-03-13  12:11:00,76,1.23401,1.23395,1.233178
0.0,0.0,2018-03-13  12:12:00,208,1.23422,1.23416,1.233181
0.0,0.0,2018-03-13  12:13:00,206,1.23431,1.23425,1.233184
0.0,0.0,2018-03-13  12:14:00,151,1.23422,1.23416,1.233188
0.0,0.0,2018-03-13  12:15:00,183,1.23412,1.23406,1.233191
0.0,0.0,2018-03-13  12:16:00,202,1.23416,1.2341,1.233194
0.0,0.0,2018-03-13  12:17:00,187,1.23407,1.23401,1.233197
0.0,0.0,2018-03-13  12:18:00,226,1.23402,1.23396,1.2332
0.0,0.0,2018-03-13  12:19:00,160,1.2342,1.23414,1.233203
0.0,0.0,2018-03-13  12:20:00,140,1.23429,1.23423,1.233206
0.0,0.0,2018-03-13  12:21:00,346,1.23408,1.23402,1.23321
0.0,0.0,2018-03-13  12:22:00,238,1.23426,1.2342,1.233213
0.0,0.0,2018-03-13  12:23:00,680,1.23444,1.23438,1.233216
0.0,0.0,2018-03-13  12:24:00,427,1.23444,1.23438,1.23322
0.0,0.0,2018-03-13  12:25:00,285,1.23444,1.23438,1.233224
0.0,0.0,2018-03-13  12:26:00,144,1.23448,1.23442,1.233228
0.0,0.0,2018-03-13  12:27:00,414,1.23403,1.23388,1.233232
0.0,0.0,2018-03-13  12:28:00,299,1.23399,1.23393,1.233234
0.0,0.0,2018-03-13  12:29:00,705,1.23434,1.2339,1.233236
0.0,0.0,2018-03-13  12:30:00,2344,1.23451,1.23435,1.233239
0.0,0.0,2018-03-13  12:31:00,2428,1.23549,1.23534,1.233243
1.23593,0.0,2018-03-13  12:32:00,2628,1.23608,1.23593,1.23325
0.0,0.0,2018-03-13  12:33:00,2211,1.2359,1.23584,1.233259
0.0,0.0,2018-03-13  12:34:00,1546,1.23566,1.2356,1.233268
0.0,0.0,2018-03-13  12:35:00,1445,1.23616,1.23601,1.233276
0.0,0.0,2018-03-13  12:36:00,2162,1.23597,1.23591,1.233285
0.0,0.0,2018-03-13  12:37:00,1503,1.23568,1.23562,1.233294
0.0,0.0,2018-03-13  12:38:00,1248,1.23537,1.23531,1.233302
0.0,0.0,2018-03-13  12:39:00,975,1.23568,1.23562,1.233309
0.0,0.0,2018-03-13  12:40:00,1303,1.23532,1.23526,1.233317
0.0,0.0,2018-03-13  12:41:00,1241,1.23568,1.23553,1.233324
0.0,0.0,2018-03-13  12:42:00,3291,1.23731,1.23716,1.233332
0.0,0.0,2018-03-13  12:43:00,2180,1.2369,1.23675,1.233345
0.0,0.0,2018-03-13  12:44:00,1976,1.2368,1.23665,1.233357
0.0,0.0,2018-03-13  12:45:00,2235,1.23835,1.2382,1.233368
0.0,0.0,2018-03-13  12:46:00,2188,1.23829,1.23814,1.233384
0.0,0.0,2018-03-13  12:47:00,1829,1.23768,1.23753,1.2334
0.0,0.0,2018-03-13  12:48:00,1709,1.23665,1.2365,1.233414
0.0,0.0,2018-03-13  12:49:00,1460,1.23755,1.2374,1.233425
0.0,0.0,2018-03-13  12:50:00,1102,1.2373,1.23715,1.233438
0.0,0.0,2018-03-13  12:51:00,1277,1.23742,1.23727,1.233451
0.0,0.0,2018-03-13  12:52:00,1314,1.23765,1.2375,1.233464
0.0,0.0,2018-03-13  12:53:00,709,1.23748,1.23733,1.233478
0.0,0.0,2018-03-13  12:54:00,870,1.23736,1.23721,1.233491
0.0,0.0,2018-03-13  12:55:00,1165,1.23716,1.23701,1.233504
0.0,0.0,2018-03-13  12:56:00,1175,1.23695,1.2368,1.233516
0.0,0.0,2018-03-13  12:57:00,1213,1.23697,1.23682,1.233527
0.0,0.0,2018-03-13  12:58:00,1037,1.23672,1.23657,1.233538
0.0,0.0,2018-03-13  12:59:00,1140,1.23673,1.23658,1.233548
0.0,0.0,2018-03-13  13:00:00,1237,1.23691,1.23676,1.233558
0.0,0.0,2018-03-13  13:01:00,898,1.23688,1.23673,1.233569
0.0,0.0,2018-03-13  13:02:00,888,1.23658,1.23652,1.23358
0.0,0.0,2018-03-13  13:03:00,881,1.2371,1.23704,1.23359
0.0,0.0,2018-03-13  13:04:00,1068,1.23719,1.23713,1.233602
0.0,0.0,2018-03-13  13:05:00,792,1.23733,1.23727,1.233614
0.0,0.0,2018-03-13  13:06:00,677,1.23729,1.23714,1.233626
0.0,0.0,2018-03-13  13:07:00,714,1.23735,1.23729,1.233638
0.0,0.0,2018-03-13  13:08:00,929,1.23777,1.23771,1.23365
0.0,0.0,2018-03-13  13:09:00,698,1.23767,1.23761,1.233664
0.0,0.0,2018-03-13  13:10:00,971,1.23802,1.23796,1.233677
0.0,0.0,2018-03-13  13:11:00,942,1.23772,1.23766,1.233691
0.0,0.0,2018-03-13  13:12:00,491,1.23796,1.2379,1.233704
0.0,0.0,2018-03-13  13:13:00,561,1.23779,1.23773,1.233718
0.0,0.0,2018-03-13  13:14:00,451,1.23784,1.23778,1.233731
0.0,0.0,2018-03-13  13:15:00,1144,1.23838,1.23832,1.233745
0.0,0.0,2018-03-13  13:16:00,1022,1.23834,1.23828,1.23376
0.0,0.0,2018-03-13  13:17:00,856,1.23814,1.23808,1.233775
0.0,0.0,2018-03-13  13:18:00,890,1.23808,1.23802,1.233789
0.0,0.0,2018-03-13  13:19:00,728,1.23786,1.2378,1.233803
0.0,0.0,2018-03-13  13:20:00,1134,1.23755,1.23749,1.233816
0.0,0.0,2018-03-13  13:21:00,659,1.23767,1.23761,1.233828
0.0,0.0,2018-03-13  13:22:00,735,1.23742,1.23736,1.233841
0.0,0.0,2018-03-13  13:23:00,365,1.23725,1.23719,1.233853
0.0,0.0,2018-03-13  13:24:00,1374,1.23673,1.23667,1.233864
0.0,0.0,2018-03-13  13:25:00,838,1.23654,1.23648,1.233873
0.0,0.0,2018-03-13  13:26:00,1505,1.23622,1.23616,1.233882
0.0,0.0,2018-03-13  13:27:00,1209,1.23628,1.23622,1.23389
0.0,0.0,2018-03-13  13:28:00,675,1.23619,1.23613,1.233898
0.0,0.0,2018-03-13  13:29:00,865,1.23628,1.23613,1.233906
0.0,0.0,2018-03-13  13:30:00,652,1.23617,1.23611,1.233914
0.0,0.0,2018-03-13  13:31:00,415,1.23637,1.23631,1.233921
0.0,0.0,2018-03-13  13:32:00,739,1.2366,1.23654,1.233929
0.0,0.0,2018-03-13  13:33:00,678,1.23626,1.2362,1.233938
0.0,0.0,2018-03-13  13:34:00,477,1.23634,1.23628,1.233946
0.0,0.0,2018-03-13  13:35:00,376,1.23633,1.23618,1.233954
0.0,0.0,2018-03-13  13:36:00,586,1.23653,1.23647,1.233962
0.0,0.0,2018-03-13  13:37:00,873,1.23678,1.23672,1.23397
0.0,0.0,2018-03-13  13:38:00,739,1.23699,1.23693,1.233979
0.0,0.0,2018-03-13  13:39:00,1003,1.23687,1.23681,1.233989
0.0,0.0,2018-03-13  13:40:00,470,1.23673,1.23667,1.233999
0.0,0.0,2018-03-13  13:41:00,310,1.23679,1.23673,1.234008
0.0,0.0,2018-03-13  13:42:00,376,1.23669,1.23663,1.234017
0.0,0.0,2018-03-13  13:43:00,452,1.23673,1.23667,1.234026
0.0,0.0,2018-03-13  13:44:00,422,1.23699,1.23693,1.234035
0.0,0.0,2018-03-13  13:45:00,884,1.23724,1.23718,1.234045
0.0,0.0,2018-03-13  13:46:00,436,1.23714,1.23708,1.234056
0.0,0.0,2018-03-13  13:47:00,508,1.23684,1.23678,1.234066
0.0,0.0,2018-03-13  13:48:00,913,1.23658,1.23643,1.234075
0.0,0.0,2018-03-13  13:49:00,633,1.23646,1.2364,1.234083
0.0,0.0,2018-03-13  13:50:00,397,1.23668,1.23662,1.234091
0.0,0.0,2018-03-13  13:51:00,443,1.23697,1.23691,1.2341
0.0,0.0,2018-03-13  13:52:00,442,1.23668,1.23662,1.234109
0.0,0.0,2018-03-13  13:53:00,226,1.23678,1.23672,1.234117
0.0,0.0,2018-03-13  13:54:00,859,1.23722,1.23716,1.234126
0.0,0.0,2018-03-13  13:55:00,394,1.23712,1.23706,1.234136
0.0,0.0,2018-03-13  13:56:00,357,1.23703,1.23697,1.234146
0.0,0.0,2018-03-13  13:57:00,450,1.23689,1.23683,1.234156
0.0,0.0,2018-03-13  13:58:00,437,1.23704,1.23698,1.234165
0.0,0.0,2018-03-13  13:59:00,736,1.23692,1.23686,1.234174
0.0,0.0,2018-03-13  14:00:00,1035,1.23757,1.23751,1.234183
0.0,0.0,2018-03-13  14:01:00,942,1.23804,1.23798,1.234194
0.0,0.0,2018-03-13  14:02:00,971,1.23799,1.23793,1.234207
0.0,0.0,2018-03-13  14:03:00,609,1.23807,1.23801,1.23422
0.0,0.0,2018-03-13  14:04:00,789,1.23786,1.2378,1.234233
0.0,0.0,2018-03-13  14:05:00,623,1.23801,1.23795,1.234245
0.0,0.0,2018-03-13  14:06:00,776,1.23782,1.23776,1.234257
0.0,0.0,2018-03-13  14:07:00,388,1.23775,1.23769,1.234269
0.0,0.0,2018-03-13  14:08:00,680,1.23742,1.23736,1.234281
0.0,0.0,2018-03-13  14:09:00,390,1.23741,1.23735,1.234291
0.0,0.0,2018-03-13  14:10:00,461,1.23731,1.23725,1.234301
0.0,0.0,2018-03-13  14:11:00,633,1.23716,1.2371,1.234311
0.0,0.0,2018-03-13  14:12:00,881,1.23666,1.23651,1.23432
0.0,0.0,2018-03-13  14:13:00,798,1.23671,1.23656,1.234328
0.0,0.0,2018-03-13  14:14:00,757,1.23627,1.23621,1.234336
0.0,0.0,2018-03-13  14:15:00,1110,1.23636,1.2363,1.234342
0.0,0.0,2018-03-13  14:16:00,1388,1.23602,1.23596,1.234349
0.0,0.0,2018-03-13  14:17:00,1228,1.23598,1.23592,1.234354
0.0,0.0,2018-03-13  14:18:00,1801,1.23512,1.23506,1.234359
0.0,0.0,2018-03-13  14:19:00,2183,1.2346,1.23454,1.234361
0.0,0.0,2018-03-13  14:20:00,1049,1.23486,1.23471,1.234362
0.0,0.0,2018-03-13  14:21:00,720,1.23464,1.23458,1.234363
0.0,0.0,2018-03-13  14:22:00,981,1.2347,1.23464,1.234364
0.0,0.0,2018-03-13  14:23:00,704,1.23492,1.23486,1.234365
0.0,0.0,2018-03-13  14:24:00,915,1.23516,1.2351,1.234367
0.0,0.0,2018-03-13  14:25:00,522,1.23534,1.23528,1.23437
0.0,0.0,2018-03-13  14:26:00,727,1.2355,1.23544,1.234373
0.0,0.0,2018-03-13  14:27:00,617,1.23562,1.23556,1.234377
0.0,0.0,2018-03-13  14:28:00,506,1.23587,1.23581,1.234381
0.0,0.0,2018-03-13  14:29:00,707,1.23603,1.23597,1.234386
0.0,0.0,2018-03-13  14:30:00,738,1.23597,1.23591,1.234391
0.0,0.0,2018-03-13  14:31:00,561,1.23593,1.23587,1.234396
0.0,0.0,2018-03-13  14:32:00,585,1.23617,1.23602,1.234401
0.0,0.0,2018-03-13  14:33:00,1330,1.23679,1.23673,1.234407
0.0,0.0,2018-03-13  14:34:00,1028,1.23671,1.23665,1.234415
0.0,0.0,2018-03-13  14:35:00,1083,1.23708,1.23702,1.234423
0.0,0.0,2018-03-13  14:36:00,804,1.23673,1.23667,1.234432
0.0,0.0,2018-03-13  14:37:00,705,1.23675,1.23669,1.23444
0.0,0.0,2018-03-13  14:38:00,648,1.23668,1.23662,1.234448
0.0,0.0,2018-03-13  14:39:00,570,1.23701,1.23695,1.234455
0.0,0.0,2018-03-13  14:40:00,1091,1.2373,1.23724,1.234463
0.0,0.0,2018-03-13  14:41:00,613,1.23723,1.23717,1.234472
0.0,0.0,2018-03-13  14:42:00,649,1.23713,1.23707,1.234481
0.0,0.0,2018-03-13  14:43:00,653,1.23712,1.23706,1.23449
0.0,0.0,2018-03-13  14:44:00,721,1.23676,1.2367,1.234499
0.0,0.0,2018-03-13  14:45:00,906,1.23697,1.23691,1.234506
0.0,0.0,2018-03-13  14:46:00,997,1.23695,1.2368,1.234514
0.0,0.0,2018-03-13  14:47:00,827,1.23677,1.23671,1.234522
0.0,0.0,2018-03-13  14:48:00,744,1.23698,1.23692,1.234529
0.0,0.0,2018-03-13  14:49:00,667,1.23706,1.237,1.234537
0.0,0.0,2018-03-13  14:50:00,644,1.23711,1.23705,1.234545
0.0,0.0,2018-03-13  14:51:00,864,1.2375,1.23744,1.234553
0.0,0.0,2018-03-13  14:52:00,694,1.23744,1.23738,1.234563
0.0,0.0,2018-03-13  14:53:00,431,1.23714,1.23699,1.234572
0.0,0.0,2018-03-13  14:54:00,653,1.23687,1.23672,1.23458
0.0,0.0,2018-03-13  14:55:00,943,1.2368,1.23674,1.234587
0.0,0.0,2018-03-13  14:56:00,460,1.23675,1.23669,1.234594
0.0,0.0,2018-03-13  14:57:00,981,1.23743,1.23737,1.234601
0.0,0.0,2018-03-13  14:58:00,858,1.23731,1.23725,1.23461
0.0,0.0,2018-03-13  14:59:00,766,1.23751,1.23745,1.234619
0.0,0.0,2018-03-13  15:00:00,1283,1.23788,1.23782,1.234629
0.0,0.0,2018-03-13  15:01:00,707,1.2377,1.23764,1.23464
0.0,0.0,2018-03-13  15:02:00,924,1.23777,1.23771,1.23465
0.0,0.0,2018-03-13  15:03:00,707,1.23777,1.23771,1.23466
0.0,0.0,2018-03-13  15:04:00,846,1.23807,1.23801,1.23467
0.0,0.0,2018-03-13  15:05:00,668,1.23819,1.23813,1.234681
0.0,0.0,2018-03-13  15:06:00,532,1.23809,1.23794,1.234693
0.0,0.0,2018-03-13  15:07:00,631,1.23809,1.23803,1.234704
0.0,0.0,2018-03-13  15:08:00,625,1.23777,1.23771,1.234715
0.0,0.0,2018-03-13  15:09:00,683,1.23746,1.2374,1.234725
0.0,0.0,2018-03-13  15:10:00,379,1.23752,1.23746,1.234734
0.0,0.0,2018-03-13  15:11:00,465,1.23738,1.23732,1.234743
0.0,0.0,2018-03-13  15:12:00,621,1.23731,1.23725,1.234752
0.0,0.0,2018-03-13  15:13:00,488,1.23717,1.23711,1.23476
0.0,0.0,2018-03-13  15:14:00,374,1.23719,1.23713,1.234768
0.0,0.0,2018-03-13  15:15:00,475,1.2371,1.23704,1.234776
0.0,0.0,2018-03-13  15:16:00,558,1.23727,1.23721,1.234784
0.0,0.0,2018-03-13  15:17:00,369,1.23732,1.23726,1.234792
0.0,0.0,2018-03-13  15:18:00,414,1.23752,1.23737,1.2348
0.0,0.0,2018-03-13  15:19:00,464,1.23764,1.23758,1.234809
0.0,0.0,2018-03-13  15:20:00,735,1.23793,1.23787,1.234818
0.0,0.0,2018-03-13  15:21:00,352,1.23795,1.23789,1.234828
0.0,0.0,2018-03-13  15:22:00,891,1.23851,1.23845,1.234838
0.0,0.0,2018-03-13  15:23:00,1258,1.23897,1.23891,1.23485
0.0,0.0,2018-03-13  15:24:00,1658,1.23955,1.23949,1.234864
0.0,0.0,2018-03-13  15:25:00,994,1.23922,1.23916,1.23488
0.0,0.0,2018-03-13  15:26:00,824,1.23906,1.239,1.234894
0.0,0.0,2018-03-13  15:27:00,856,1.23941,1.23935,1.234908
0.0,0.0,2018-03-13  15:28:00,1008,1.23946,1.2394,1.234923
0.0,0.0,2018-03-13  15:29:00,701,1.23941,1.23935,1.234938
0.0,0.0,2018-03-13  15:30:00,708,1.23942,1.23936,1.234953
0.0,0.0,2018-03-13  15:31:00,535,1.2395,1.23944,1.234968
0.0,0.0,2018-03-13  15:32:00,851,1.23982,1.23976,1.234983
0.0,0.0,2018-03-13  15:33:00,1039,1.2396,1.23954,1.234999
0.0,0.0,2018-03-13  15:34:00,771,1.23965,1.23959,1.235014
0.0,0.0,2018-03-13  15:35:00,591,1.23972,1.23966,1.235029
0.0,0.0,2018-03-13  15:36:00,448,1.2395,1.23935,1.235045
0.0,0.0,2018-03-13  15:37:00,850,1.23939,1.23933,1.23506
0.0,0.0,2018-03-13  15:38:00,472,1.23943,1.23937,1.235074
0.0,0.0,2018-03-13  15:39:00,353,1.23945,1.2393,1.235088
0.0,0.0,2018-03-13  15:40:00,500,1.23944,1.23938,1.235102
0.0,0.0,2018-03-13  15:41:00,331,1.23958,1.23952,1.235116
0.0,0.0,2018-03-13  15:42:00,387,1.23962,1.23956,1.235131
0.0,0.0,2018-03-13  15:43:00,353,1.23955,1.23949,1.235146
0.0,0.0,2018-03-13  15:44:00,372,1.23971,1.23965,1.235161
0.0,0.0,2018-03-13  15:45:00,667,1.23986,1.2398,1.235176
0.0,0.0,2018-03-13  15:46:00,523,1.2397,1.23964,1.235192
0.0,0.0,2018-03-13  15:47:00,499,1.2399,1.23984,1.235207
0.0,0.0,2018-03-13  15:48:00,379,1.23991,1.23985,1.235223
0.0,0.0,2018-03-13  15:49:00,459,1.23996,1.2399,1.235239
0.0,0.0,2018-03-13  15:50:00,645,1.23966,1.2396,1.235255
0.0,0.0,2018-03-13  15:51:00,440,1.23969,1.23963,1.23527
0.0,0.0,2018-03-13  15:52:00,509,1.23961,1.23955,1.235285
0.0,0.0,2018-03-13  15:53:00,503,1.23955,1.23949,1.235299
0.0,0.0,2018-03-13  15:54:00,663,1.23948,1.23942,1.235313
0.0,0.0,2018-03-13  15:55:00,542,1.23957,1.23951,1.235327
0.0,0.0,2018-03-13  15:56:00,363,1.2395,1.23944,1.235341
0.0,0.0,2018-03-13  15:57:00,1382,1.23993,1.23987,1.235355
0.0,0.0,2018-03-13  15:58:00,995,1.23946,1.2394,1.23537
0.0,0.0,2018-03-13  15:59:00,1088,1.23985,1.23979,1.235384
0.0,0.0,2018-03-13  16:00:00,683,1.2397,1.23964,1.235399
0.0,0.0,2018-03-13  16:01:00,790,1.2395,1.23944,1.235413
0.0,0.0,2018-03-13  16:02:00,812,1.23934,1.23928,1.235427
0.0,0.0,2018-03-13  16:03:00,723,1.23929,1.23923,1.23544
0.0,0.0,2018-03-13  16:04:00,518,1.23921,1.23915,1.235453
0.0,0.0,2018-03-13  16:05:00,577,1.23945,1.23939,1.235465
0.0,0.0,2018-03-13  16:06:00,753,1.23975,1.23969,1.235478
0.0,0.0,2018-03-13  16:07:00,899,1.23999,1.23984,1.235492
0.0,0.0,2018-03-13  16:08:00,681,1.23992,1.23986,1.235507
0.0,0.0,2018-03-13  16:09:00,904,1.23989,1.23974,1.235522
0.0,0.0,2018-03-13  16:10:00,832,1.23987,1.23981,1.235536
0.0,0.0,2018-03-13  16:11:00,507,1.2398,1.23974,1.23555
0.0,0.0,2018-03-13  16:12:00,576,1.23944,1.23938,1.235564
0.0,0.0,2018-03-13  16:13:00,587,1.23939,1.23933,1.235577
0.0,0.0,2018-03-13  16:14:00,488,1.23941,1.23935,1.23559
0.0,0.0,2018-03-13  16:15:00,656,1.23959,1.23953,1.235603
0.0,0.0,2018-03-13  16:16:00,405,1.23951,1.23945,1.235616
0.0,0.0,2018-03-13  16:17:00,433,1.23938,1.23932,1.235629
0.0,0.0,2018-03-13  16:18:00,344,1.23927,1.23921,1.235641
0.0,0.0,2018-03-13  16:19:00,373,1.23936,1.2393,1.235653
0.0,0.0,2018-03-13  16:20:00,336,1.23936,1.2393,1.235665
0.0,0.0,2018-03-13  16:21:00,310,1.23942,1.23927,1.235677
0.0,0.0,2018-03-13  16:22:00,436,1.23931,1.23925,1.235689
0.0,0.0,2018-03-13  16:23:00,354,1.23932,1.23926,1.235701
0.0,0.0,2018-03-13  16:24:00,420,1.23923,1.23917,1.235713
0.0,0.0,2018-03-13  16:25:00,474,1.23901,1.23895,1.235725
0.0,0.0,2018-03-13  16:26:00,373,1.23889,1.23883,1.235736
0.0,0.0,2018-03-13  16:27:00,377,1.23905,1.23899,1.235746
0.0,0.0,2018-03-13  16:28:00,424,1.23921,1.23915,1.235757
0.0,0.0,2018-03-13  16:29:00,286,1.23918,1.23912,1.235768
0.0,0.0,2018-03-13  16:30:00,389,1.2394,1.23934,1.235779
0.0,0.0,2018-03-13  16:31:00,405,1.23953,1.23947,1.235791
0.0,0.0,2018-03-13  16:32:00,396,1.23962,1.23956,1.235803
0.0,0.0,2018-03-13  16:33:00,372,1.23957,1.23951,1.235816
0.0,0.0,2018-03-13  16:34:00,420,1.23974,1.23968,1.235828
0.0,0.0,2018-03-13  16:35:00,455,1.23969,1.23963,1.235841
0.0,0.0,2018-03-13  16:36:00,237,1.23981,1.23975,1.235854
0.0,0.0,2018-03-13  16:37:00,300,1.23987,1.23981,1.235867
0.0,0.0,2018-03-13  16:38:00,332,1.23987,1.23981,1.23588
0.0,0.0,2018-03-13  16:39:00,427,1.23976,1.2397,1.235893
0.0,0.0,2018-03-13  16:40:00,217,1.23971,1.23965,1.235906
0.0,0.0,2018-03-13  16:41:00,331,1.23999,1.23993,1.235919
0.0,0.0,2018-03-13  16:42:00,380,1.24005,1.23999,1.235932
0.0,0.0,2018-03-13  16:43:00,757,1.24032,1.24026,1.235946
0.0,0.0,2018-03-13  16:44:00,254,1.24041,1.24035,1.23596
0.0,0.0,2018-03-13  16:45:00,326,1.24048,1.24042,1.235975
0.0,0.0,2018-03-13  16:46:00,399,1.2407,1.24064,1.23599
0.0,0.0,2018-03-13  16:47:00,311,1.24071,1.24065,1.236006
0.0,0.0,2018-03-13  16:48:00,312,1.24059,1.24053,1.236022
0.0,0.0,2018-03-13  16:49:00,161,1.2405,1.24044,1.236037
0.0,0.0,2018-03-13  16:50:00,278,1.24035,1.24029,1.236052
0.0,0.0,2018-03-13  16:51:00,165,1.24037,1.24031,1.236066
0.0,0.0,2018-03-13  16:52:00,369,1.24046,1.2404,1.23608
0.0,0.0,2018-03-13  16:53:00,140,1.24033,1.24027,1.236095
0.0,0.0,2018-03-13  16:54:00,209,1.24036,1.2403,1.236109
0.0,0.0,2018-03-13  16:55:00,249,1.24015,1.24009,1.236123
0.0,0.0,2018-03-13  16:56:00,274,1.24014,1.23999,1.236136
0.0,0.0,2018-03-13  16:57:00,257,1.24015,1.24009,1.236149
0.0,0.0,2018-03-13  16:58:00,226,1.24021,1.24015,1.236162
0.0,0.0,2018-03-13  16:59:00,337,1.2402,1.24005,1.236175
0.0,0.0,2018-03-13  17:00:00,306,1.24025,1.24019,1.236188
0.0,0.0,2018-03-13  17:01:00,371,1.2405,1.24044,1.236201
0.0,0.0,2018-03-13  17:02:00,562,1.24022,1.24016,1.236215
0.0,0.0,2018-03-13  17:03:00,440,1.24036,1.2403,1.236228
0.0,0.0,2018-03-13  17:04:00,347,1.24051,1.24045,1.236242
0.0,0.0,2018-03-13  17:05:00,405,1.24026,1.2402,1.236256
0.0,0.0,2018-03-13  17:06:00,274,1.24028,1.24022,1.236269
0.0,0.0,2018-03-13  17:07:00,192,1.2402,1.24014,1.236282
0.0,0.0,2018-03-13  17:08:00,383,1.2402,1.24014,1.236295
0.0,0.0,2018-03-13  17:09:00,309,1.24017,1.24011,1.236308
0.0,0.0,2018-03-13  17:10:00,237,1.2399,1.23984,1.236321
0.0,0.0,2018-03-13  17:11:00,173,1.2399,1.23984,1.236333
0.0,0.0,2018-03-13  17:12:00,167,1.24005,1.23999,1.236345
0.0,0.0,2018-03-13  17:13:00,281,1.24037,1.24031,1.236357
0.0,0.0,2018-03-13  17:14:00,202,1.2403,1.24024,1.23637
0.0,0.0,2018-03-13  17:15:00,269,1.24014,1.24008,1.236383
0.0,0.0,2018-03-13  17:16:00,202,1.24021,1.24015,1.236395
0.0,0.0,2018-03-13  17:17:00,318,1.24032,1.24026,1.236408
0.0,0.0,2018-03-13  17:18:00,234,1.2402,1.24014,1.236421
0.0,0.0,2018-03-13  17:19:00,247,1.23999,1.23993,1.236433
0.0,0.0,2018-03-13  17:20:00,204,1.2401,1.23995,1.236445
0.0,0.0,2018-03-13  17:21:00,223,1.2401,1.23995,1.236457
0.0,0.0,2018-03-13  17:22:00,172,1.24006,1.24,1.236469
0.0,0.0,2018-03-13  17:23:00,186,1.24011,1.24005,1.236481
0.0,0.0,2018-03-13  17:24:00,189,1.24001,1.23995,1.236493
0.0,0.0,2018-03-13  17:25:00,193,1.24,1.23994,1.236505
0.0,0.0,2018-03-13  17:26:00,526,1.23966,1.2396,1.236517
0.0,0.0,2018-03-13  17:27:00,384,1.23953,1.23947,1.236527
0.0,0.0,2018-03-13  17:28:00,453,1.23978,1.23963,1.236537
0.0,0.0,2018-03-13  17:29:00,464,1.2399,1.23984,1.236548
0.0,0.0,2018-03-13  17:30:00,305,1.23999,1.23993,1.236559
0.0,0.0,2018-03-13  17:31:00,331,1.23994,1.23988,1.23657
0.0,0.0,2018-03-13  17:32:00,214,1.24006,1.24,1.236581
0.0,0.0,2018-03-13  17:33:00,271,1.24011,1.24005,1.236592
0.0,0.0,2018-03-13  17:34:00,152,1.24007,1.24001,1.236604
0.0,0.0,2018-03-13  17:35:00,231,1.24001,1.23995,1.236615
0.0,0.0,2018-03-13  17:36:00,260,1.23997,1.23991,1.236626
0.0,0.0,2018-03-13  17:37:00,211,1.23971,1.23965,1.236637
0.0,0.0,2018-03-13  17:38:00,349,1.2398,1.23974,1.236647
0.0,0.0,2018-03-13  17:39:00,254,1.23971,1.23965,1.236657
0.0,0.0,2018-03-13  17:40:00,183,1.23977,1.23971,1.236667
0.0,0.0,2018-03-13  17:41:00,134,1.23959,1.23953,1.236677
0.0,0.0,2018-03-13  17:42:00,241,1.23954,1.23948,1.236687
0.0,0.0,2018-03-13  17:43:00,256,1.23955,1.23949,1.236696
0.0,0.0,2018-03-13  17:44:00,334,1.23965,1.23959,1.236705
0.0,0.0,2018-03-13  17:45:00,365,1.2395,1.23944,1.236715
0.0,0.0,2018-03-13  17:46:00,258,1.23944,1.23938,1.236724
0.0,0.0,2018-03-13  17:47:00,242,1.23935,1.23929,1.236733
0.0,0.0,2018-03-13  17:48:00,177,1.23931,1.23925,1.236742
0.0,0.0,2018-03-13  17:49:00,135,1.23926,1.2392,1.23675
0.0,0.0,2018-03-13  17:50:00,298,1.23915,1.23909,1.236758
0.0,0.0,2018-03-13  17:51:00,185,1.23925,1.23919,1.236766
0.0,0.0,2018-03-13  17:52:00,129,1.23932,1.23926,1.236774
0.0,0.0,2018-03-13  17:53:00,108,1.23925,1.23919,1.236782
0.0,0.0,2018-03-13  17:54:00,138,1.2392,1.23914,1.23679
0.0,0.0,2018-03-13  17:55:00,209,1.23923,1.23917,1.236798
0.0,0.0,2018-03-13  17:56:00,182,1.23935,1.2392,1.236806
0.0,0.0,2018-03-13  17:57:00,212,1.23919,1.23913,1.236814
0.0,0.0,2018-03-13  17:58:00,390,1.2392,1.23914,1.236822
0.0,0.0,2018-03-13  17:59:00,142,1.23916,1.2391,1.23683
0.0,0.0,2018-03-13  18:00:00,326,1.23916,1.2391,1.236838
0.0,0.0,2018-03-13  18:01:00,250,1.23927,1.23921,1.236846
0.0,0.0,2018-03-13  18:02:00,193,1.23922,1.23916,1.236854
0.0,0.0,2018-03-13  18:03:00,119,1.23925,1.23919,1.236862
0.0,0.0,2018-03-13  18:04:00,34,1.23926,1.2392,1.23687
0.0,0.0,2018-03-13  18:05:00,137,1.23926,1.2392,1.236878
0.0,0.0,2018-03-13  18:06:00,123,1.23941,1.23935,1.236886
0.0,0.0,2018-03-13  18:07:00,122,1.23938,1.23932,1.236894
0.0,0.0,2018-03-13  18:08:00,129,1.23938,1.23932,1.236902
0.0,0.0,2018-03-13  18:09:00,138,1.23933,1.23927,1.23691
0.0,0.0,2018-03-13  18:10:00,73,1.23938,1.23932,1.236918
0.0,0.0,2018-03-13  18:11:00,242,1.23947,1.23941,1.236926
0.0,0.0,2018-03-13  18:12:00,351,1.23963,1.23957,1.236934
0.0,0.0,2018-03-13  18:13:00,278,1.23978,1.23972,1.236943
0.0,0.0,2018-03-13  18:14:00,142,1.2398,1.23974,1.236952
0.0,0.0,2018-03-13  18:15:00,205,1.23971,1.23965,1.236961
0.0,0.0,2018-03-13  18:16:00,153,1.23966,1.2396,1.23697
0.0,0.0,2018-03-13  18:17:00,73,1.23962,1.23956,1.236979
0.0,0.0,2018-03-13  18:18:00,113,1.2395,1.23944,1.236988
0.0,0.0,2018-03-13  18:19:00,120,1.2395,1.23935,1.236996
0.0,0.0,2018-03-13  18:20:00,102,1.2395,1.23944,1.237004
0.0,0.0,2018-03-13  18:21:00,66,1.23958,1.23952,1.237012
0.0,0.0,2018-03-13  18:22:00,217,1.23965,1.23959,1.23702
0.0,0.0,2018-03-13  18:23:00,247,1.23953,1.23947,1.237029
0.0,0.0,2018-03-13  18:24:00,255,1.23952,1.23946,1.237037
0.0,0.0,2018-03-13  18:25:00,182,1.23957,1.23951,1.237045
0.0,0.0,2018-03-13  18:26:00,106,1.23968,1.23962,1.237053
0.0,0.0,2018-03-13  18:27:00,218,1.23969,1.23963,1.237062
0.0,0.0,2018-03-13  18:28:00,53,1.23968,1.23962,1.237071
0.0,0.0,2018-03-13  18:29:00,110,1.23977,1.23971,1.23708
0.0,0.0,2018-03-13  18:30:00,140,1.23966,1.2396,1.237089
0.0,0.0,2018-03-13  18:31:00,136,1.23963,1.23957,1.237097
0.0,0.0,2018-03-13  18:32:00,91,1.23967,1.23961,1.237105
0.0,0.0,2018-03-13  18:33:00,126,1.2396,1.23954,1.237113
0.0,0.0,2018-03-13  18:34:00,130,1.23968,1.23962,1.237121
0.0,0.0,2018-03-13  18:35:00,151,1.23968,1.23962,1.237129
0.0,0.0,2018-03-13  18:36:00,148,1.23973,1.23967,1.237137
0.0,0.0,2018-03-13  18:37:00,180,1.23974,1.23968,1.237146
0.0,0.0,2018-03-13  18:38:00,185,1.23972,1.23957,1.237155
0.0,0.0,2018-03-13  18:39:00,240,1.23971,1.23965,1.237163
0.0,0.0,2018-03-13  18:40:00,142,1.23978,1.23972,1.237171
0.0,0.0,2018-03-13  18:41:00,64,1.23977,1.23971,1.23718
0.0,0.0,2018-03-13  18:42:00,149,1.23979,1.23973,1.237189
0.0,0.0,2018-03-13  18:43:00,156,1.23982,1.23976,1.237198
0.0,0.0,2018-03-13  18:44:00,194,1.23983,1.23977,1.237207
0.0,0.0,2018-03-13  18:45:00,171,1.23977,1.23971,1.237216
0.0,0.0,2018-03-13  18:46:00,177,1.2398,1.23974,1.237224
0.0,0.0,2018-03-13  18:47:00,321,1.23983,1.23977,1.237232
0.0,0.0,2018-03-13  18:48:00,104,1.23983,1.23977,1.237241
0.0,0.0,2018-03-13  18:49:00,191,1.23971,1.23965,1.23725
0.0,0.0,2018-03-13  18:50:00,336,1.23964,1.23958,1.237258
0.0,0.0,2018-03-13  18:51:00,309,1.2396,1.23954,1.237266
0.0,0.0,2018-03-13  18:52:00,295,1.23973,1.23967,1.237274
0.0,0.0,2018-03-13  18:53:00,131,1.23971,1.23965,1.237282
0.0,0.0,2018-03-13  18:54:00,191,1.23974,1.23968,1.23729
0.0,0.0,2018-03-13  18:55:00,139,1.23974,1.23968,1.237298
0.0,0.0,2018-03-13  18:56:00,252,1.23966,1.2396,1.237306
0.0,0.0,2018-03-13  18:57:00,258,1.23976,1.2397,1.237314
0.0,0.0,2018-03-13  18:58:00,406,1.23995,1.23989,1.237322
0.0,0.0,2018-03-13  18:59:00,463,1.23984,1.23978,1.237331
0.0,0.0,2018-03-13  19:00:00,400,1.23991,1.23985,1.237339
0.0,0.0,2018-03-13  19:01:00,130,1.23993,1.23987,1.237347
0.0,0.0,2018-03-13  19:02:00,466,1.23987,1.23972,1.237356
0.0,0.0,2018-03-13  19:03:00,237,1.23963,1.23957,1.237364
0.0,0.0,2018-03-13  19:04:00,387,1.23961,1.23946,1.237371
0.0,0.0,2018-03-13  19:05:00,515,1.23931,1.23925,1.237378
0.0,0.0,2018-03-13  19:06:00,560,1.23922,1.23907,1.237384
0.0,0.0,2018-03-13  19:07:00,719,1.23914,1.23908,1.23739
0.0,0.0,2018-03-13  19:08:00,571,1.23907,1.23901,1.237396
0.0,0.0,2018-03-13  19:09:00,491,1.23898,1.23892,1.237401
0.0,0.0,2018-03-13  19:10:00,579,1.23907,1.23901,1.237406
0.0,0.0,2018-03-13  19:11:00,454,1.23925,1.23919,1.237411
0.0,0.0,2018-03-13  19:12:00,506,1.23895,1.23889,1.237417
0.0,0.0,2018-03-13  19:13:00,380,1.23903,1.23897,1.237422
0.0,0.0,2018-03-13  19:14:00,432,1.23898,1.23883,1.237427
0.0,0.0,2018-03-13  19:15:00,442,1.23915,1.23909,1.237432
0.0,0.0,2018-03-13  19:16:00,352,1.23911,1.23896,1.237438
0.0,0.0,2018-03-13  19:17:00,452,1.23906,1.239,1.237443
0.0,0.0,2018-03-13  19:18:00,201,1.23911,1.23905,1.237448
0.0,0.0,2018-03-13  19:19:00,314,1.23911,1.23905,1.237453
0.0,0.0,2018-03-13  19:20:00,187,1.23916,1.2391,1.237458
0.0,0.0,2018-03-13  19:21:00,152,1.23917,1.23911,1.237464
0.0,0.0,2018-03-13  19:22:00,348,1.2393,1.23924,1.23747
0.0,0.0,2018-03-13  19:23:00,265,1.23921,1.23915,1.237476
0.0,0.0,2018-03-13  19:24:00,200,1.2393,1.23924,1.237482
0.0,0.0,2018-03-13  19:25:00,290,1.23907,1.23901,1.237488
0.0,0.0,2018-03-13  19:26:00,271,1.23927,1.23912,1.237493
0.0,0.0,2018-03-13  19:27:00,221,1.23927,1.23921,1.237499
0.0,0.0,2018-03-13  19:28:00,124,1.23937,1.23922,1.237505
0.0,0.0,2018-03-13  19:29:00,229,1.23926,1.2392,1.237511
0.0,0.0,2018-03-13  19:30:00,299,1.23935,1.2392,1.237517
0.0,0.0,2018-03-13  19:31:00,286,1.23935,1.2392,1.237523
0.0,0.0,2018-03-13  19:32:00,321,1.23938,1.23932,1.237529
0.0,0.0,2018-03-13  19:33:00,254,1.23942,1.23936,1.237535
0.0,0.0,2018-03-13  19:34:00,292,1.23941,1.23935,1.237541
0.0,0.0,2018-03-13  19:35:00,181,1.23945,1.23939,1.237547
0.0,0.0,2018-03-13  19:36:00,113,1.23947,1.23941,1.237553
0.0,0.0,2018-03-13  19:37:00,149,1.23942,1.23927,1.237559
0.0,0.0,2018-03-13  19:38:00,292,1.23947,1.23941,1.237565
0.0,0.0,2018-03-13  19:39:00,251,1.23941,1.23926,1.237571
0.0,0.0,2018-03-13  19:40:00,203,1.23931,1.23925,1.237577
0.0,0.0,2018-03-13  19:41:00,267,1.23915,1.23909,1.237583
0.0,0.0,2018-03-13  19:42:00,437,1.23916,1.2391,1.237588
0.0,0.0,2018-03-13  19:43:00,230,1.23889,1.23883,1.237593
0.0,0.0,2018-03-13  19:44:00,610,1.23877,1.23862,1.237597
0.0,0.0,2018-03-13  19:45:00,731,1.23878,1.23872,1.237601
0.0,0.0,2018-03-13  19:46:00,415,1.23881,1.23866,1.237605
0.0,0.0,2018-03-13  19:47:00,194,1.23869,1.23863,1.237609
0.0,0.0,2018-03-13  19:48:00,167,1.23877,1.23862,1.237613
0.0,0.0,2018-03-13  19:49:00,126,1.23884,1.23869,1.237617
0.0,0.0,2018-03-13  19:50:00,242,1.23873,1.23867,1.237621
0.0,0.0,2018-03-13  19:51:00,391,1.23868,1.23862,1.237625
0.0,0.0,2018-03-13  19:52:00,156,1.23869,1.23863,1.237628
0.0,0.0,2018-03-13  19:53:00,138,1.23867,1.23861,1.237631
0.0,0.0,2018-03-13  19:54:00,395,1.23857,1.23842,1.237634
0.0,0.0,2018-03-13  19:55:00,200,1.23849,1.23843,1.237637
0.0,0.0,2018-03-13  19:56:00,118,1.2385,1.23844,1.23764
0.0,0.0,2018-03-13  19:57:00,225,1.23855,1.23849,1.237643
0.0,0.0,2018-03-13  19:58:00,211,1.23852,1.23846,1.237646
0.0,0.0,2018-03-13  19:59:00,260,1.23858,1.23852,1.237649
0.0,0.0,2018-03-13  20:00:00,290,1.23852,1.23846,1.237652
0.0,0.0,2018-03-13  20:01:00,256,1.23877,1.23862,1.237655
0.0,0.0,2018-03-13  20:02:00,178,1.23864,1.23858,1.237658
0.0,0.0,2018-03-13  20:03:00,128,1.23859,1.23853,1.237661
0.0,0.0,2018-03-13  20:04:00,76,1.23859,1.23853,1.237664
0.0,0.0,2018-03-13  20:05:00,58,1.23859,1.23853,1.237667
0.0,0.0,2018-03-13  20:06:00,128,1.23866,1.2386,1.23767
0.0,0.0,2018-03-13  20:07:00,98,1.23863,1.23857,1.237673
0.0,0.0,2018-03-13  20:08:00,88,1.23866,1.2386,1.237676
0.0,0.0,2018-03-13  20:09:00,72,1.23866,1.2386,1.237679
0.0,0.0,2018-03-13  20:10:00,70,1.23867,1.23861,1.237682
0.0,0.0,2018-03-13  20:11:00,67,1.23863,1.23857,1.237685
0.0,0.0,2018-03-13  20:12:00,53,1.2386,1.23854,1.237688
0.0,0.0,2018-03-13  20:13:00,121,1.23866,1.2386,1.237691
0.0,0.0,2018-03-13  20:14:00,44,1.23863,1.23857,1.237694
0.0,0.0,2018-03-13  20:15:00,48,1.2387,1.23864,1.237697
0.0,0.0,2018-03-13  20:16:00,37,1.23868,1.23862,1.2377
0.0,0.0,2018-03-13  20:17:00,83,1.23873,1.23867,1.237703
0.0,0.0,2018-03-13  20:18:00,63,1.23873,1.23867,1.237706
0.0,0.0,2018-03-13  20:19:00,99,1.23884,1.23878,1.237709
0.0,0.0,2018-03-13  20:20:00,103,1.23885,1.23879,1.237713
0.0,0.0,2018-03-13  20:21:00,97,1.23878,1.23872,1.237717
0.0,0.0,2018-03-13  20:22:00,81,1.23881,1.23875,1.23772
0.0,0.0,2018-03-13  20:23:00,85,1.23882,1.23867,1.237724
0.0,0.0,2018-03-13  20:24:00,65,1.23878,1.23872,1.237727
0.0,0.0,2018-03-13  20:25:00,68,1.23881,1.23866,1.23773
0.0,0.0,2018-03-13  20:26:00,64,1.23877,1.23871,1.237733
0.0,0.0,2018-03-13  20:27:00,63,1.23879,1.23873,1.237736
0.0,0.0,2018-03-13  20:28:00,69,1.23883,1.23877,1.237739
0.0,0.0,2018-03-13  20:29:00,38,1.23885,1.23879,1.237743
0.0,0.0,2018-03-13  20:30:00,50,1.23884,1.23878,1.237747
0.0,0.0,2018-03-13  20:31:00,35,1.23882,1.23876,1.237751
0.0,0.0,2018-03-13  20:32:00,101,1.23881,1.23875,1.237754
0.0,0.0,2018-03-13  20:33:00,115,1.23893,1.23887,1.237757
0.0,0.0,2018-03-13  20:34:00,55,1.23896,1.23881,1.237761
0.0,0.0,2018-03-13  20:35:00,87,1.23892,1.23886,1.237765
0.0,0.0,2018-03-13  20:36:00,61,1.23888,1.23882,1.237769
0.0,0.0,2018-03-13  20:37:00,110,1.23899,1.23893,1.237773
0.0,0.0,2018-03-13  20:38:00,135,1.239,1.23894,1.237777
0.0,0.0,2018-03-13  20:39:00,107,1.23907,1.23892,1.237781
0.0,0.0,2018-03-13  20:40:00,97,1.23909,1.23903,1.237785
0.0,0.0,2018-03-13  20:41:00,158,1.23913,1.23898,1.237789
0.0,0.0,2018-03-13  20:42:00,128,1.23917,1.23902,1.237793
0.0,0.0,2018-03-13  20:43:00,93,1.23914,1.23908,1.237797
0.0,0.0,2018-03-13  20:44:00,48,1.23923,1.23917,1.237801
0.0,0.0,2018-03-13  20:45:00,125,1.23929,1.23923,1.237806
0.0,0.0,2018-03-13  20:46:00,132,1.23939,1.23924,1.237811
0.0,0.0,2018-03-13  20:47:00,195,1.23936,1.23921,1.237816
0.0,0.0,2018-03-13  20:48:00,89,1.23929,1.23914,1.237821
0.0,0.0,2018-03-13  20:49:00,71,1.23924,1.23918,1.237826
0.0,0.0,2018-03-13  20:50:00,271,1.23932,1.23926,1.237831
0.0,0.0,2018-03-13  20:51:00,128,1.23941,1.23926,1.237836
0.0,0.0,2018-03-13  20:52:00,107,1.23942,1.23927,1.237841
0.0,0.0,2018-03-13  20:53:00,55,1.23932,1.23926,1.237846
0.0,0.0,2018-03-13  20:54:00,81,1.23928,1.23913,1.237851
0.0,0.0,2018-03-13  20:55:00,101,1.23925,1.23919,1.237856
0.0,0.0,2018-03-13  20:56:00,83,1.23928,1.23913,1.237861
0.0,0.0,2018-03-13  20:57:00,108,1.23919,1.23904,1.237865
0.0,0.0,2018-03-13  20:58:00,92,1.23916,1.23901,1.237869
0.0,0.0,2018-03-13  20:59:00,113,1.23905,1.2389,1.237873
0.0,0.0,2018-03-13  21:00:00,26,1.23918,1.23895,1.237877
0.0,0.0,2018-03-13  21:01:00,11,1.23921,1.23895,1.237881
0.0,0.0,2018-03-13  21:02:00,7,1.23919,1.23892,1.237885
0.0,0.0,2018-03-13  21:03:00,5,1.23919,1.23893,1.237889
0.0,0.0,2018-03-13  21:04:00,9,1.23919,1.23893,1.237893
0.0,0.0,2018-03-13  21:05:00,48,1.23918,1.23896,1.237897
0.0,0.0,2018-03-13  21:06:00,47,1.23909,1.23892,1.237901
0.0,0.0,2018-03-13  21:07:00,37,1.23914,1.23893,1.237905
0.0,0.0,2018-03-13  21:08:00,26,1.23909,1.23889,1.237909
0.0,0.0,2018-03-13  21:09:00,40,1.2391,1.23895,1.237913
0.0,0.0,2018-03-13  21:10:00,88,1.23927,1.23912,1.237917
0.0,0.0,2018-03-13  21:11:00,58,1.23935,1.23918,1.237921
0.0,0.0,2018-03-13  21:12:00,62,1.2394,1.23925,1.237925
0.0,0.0,2018-03-13  21:13:00,68,1.23938,1.2392,1.23793
0.0,0.0,2018-03-13  21:14:00,142,1.23941,1.23917,1.237935
0.0,0.0,2018-03-13  21:15:00,98,1.23933,1.23918,1.23794
0.0,0.0,2018-03-13  21:16:00,45,1.23936,1.23921,1.237944
0.0,0.0,2018-03-13  21:17:00,44,1.23941,1.23926,1.237948
0.0,0.0,2018-03-13  21:18:00,37,1.23933,1.23918,1.237953
0.0,0.0,2018-03-13  21:19:00,36,1.23933,1.23918,1.237957
0.0,0.0,2018-03-13  21:20:00,45,1.23933,1.23918,1.237961
0.0,0.0,2018-03-13  21:21:00,27,1.23932,1.23917,1.237965
0.0,0.0,2018-03-13  21:22:00,31,1.23931,1.23916,1.237969
0.0,0.0,2018-03-13  21:23:00,49,1.23935,1.23917,1.237973
0.0,0.0,2018-03-13  21:24:00,28,1.23931,1.23916,1.237977
0.0,0.0,2018-03-13  21:25:00,62,1.23936,1.23921,1.237981
0.0,0.0,2018-03-13  21:26:00,55,1.23932,1.23915,1.237985
0.0,0.0,2018-03-13  21:27:00,46,1.23932,1.23917,1.237989
0.0,0.0,2018-03-13  21:28:00,58,1.23936,1.23921,1.237993
0.0,0.0,2018-03-13  21:29:00,79,1.23937,1.23922,1.237997
0.0,0.0,2018-03-13  21:30:00,523,1.23957,1.23942,1.238001
0.0,0.0,2018-03-13  21:31:00,74,1.23954,1.23939,1.238006
0.0,0.0,2018-03-13  21:32:00,143,1.23934,1.23915,1.238011
0.0,0.0,2018-03-13  21:33:00,121,1.23931,1.23916,1.238015
0.0,0.0,2018-03-13  21:34:00,182,1.23934,1.23919,1.238019
0.0,0.0,2018-03-13  21:35:00,78,1.23934,1.23919,1.238023
0.0,0.0,2018-03-13  21:36:00,101,1.23943,1.23928,1.238027
0.0,0.0,2018-03-13  21:37:00,70,1.23943,1.23928,1.238031
0.0,0.0,2018-03-13  21:38:00,56,1.23944,1.23929,1.238035
0.0,0.0,2018-03-13  21:39:00,89,1.23943,1.23928,1.238039
0.0,0.0,2018-03-13  21:40:00,72,1.23943,1.23928,1.238043
0.0,0.0,2018-03-13  21:41:00,108,1.23942,1.23927,1.238047
0.0,0.0,2018-03-13  21:42:00,282,1.23932,1.2391,1.238051
0.0,0.0,2018-03-13  21:43:00,359,1.23918,1.23903,1.238055
0.0,0.0,2018-03-13  21:44:00,116,1.23924,1.23909,1.238058
0.0,0.0,2018-03-13  21:45:00,175,1.23922,1.23907,1.238062
0.0,0.0,2018-03-13  21:46:00,213,1.23924,1.23909,1.238066
0.0,0.0,2018-03-13  21:47:00,264,1.23928,1.23913,1.23807
0.0,0.0,2018-03-13  21:48:00,277,1.23919,1.23904,1.238074
0.0,0.0,2018-03-13  21:49:00,106,1.2392,1.23905,1.238077
0.0,0.0,2018-03-13  21:50:00,58,1.23923,1.23908,1.23808
0.0,0.0,2018-03-13  21:51:00,38,1.23924,1.23909,1.238084
0.0,0.0,2018-03-13  21:52:00,97,1.23922,1.23907,1.238088
0.0,0.0,2018-03-13  21:53:00,171,1.2392,1.23905,1.238092
0.0,0.0,2018-03-13  21:54:00,142,1.23937,1.2392,1.238095
0.0,0.0,2018-03-13  21:55:00,48,1.23933,1.23917,1.238099
0.0,0.0,2018-03-13  21:56:00,91,1.23945,1.23927,1.238103
0.0,0.0,2018-03-13  21:57:00,62,1.23934,1.23917,1.238107
0.0,0.0,2018-03-13  21:58:00,43,1.23932,1.23914,1.238111
0.0,0.0,2018-03-13  21:59:00,227,1.23929,1.23912,1.238115
0.0,0.0,2018-03-13  22:00:00,524,1.2394,1.23925,1.238119
0.0,0.0,2018-03-13  22:01:00,82,1.23922,1.23907,1.238123
0.0,0.0,2018-03-13  22:02:00,28,1.23925,1.2391,1.238126
0.0,0.0,2018-03-13  22:03:00,68,1.23936,1.23921,1.238129
0.0,0.0,2018-03-13  22:04:00,65,1.2394,1.23925,1.238133
0.0,0.0,2018-03-13  22:05:00,155,1.2394,1.23925,1.238137
0.0,0.0,2018-03-13  22:06:00,284,1.23935,1.2392,1.238141
0.0,0.0,2018-03-13  22:07:00,134,1.23944,1.23929,1.238145
0.0,0.0,2018-03-13  22:08:00,125,1.2395,1.23935,1.238149
0.0,0.0,2018-03-13  22:09:00,32,1.23948,1.23933,1.238153
0.0,0.0,2018-03-13  22:10:00,24,1.23949,1.23934,1.238157
0.0,0.0,2018-03-13  22:11:00,25,1.23949,1.23934,1.238161
0.0,0.0,2018-03-13  22:12:00,31,1.23952,1.23937,1.238165
0.0,0.0,2018-03-13  22:13:00,47,1.23955,1.2394,1.238169
0.0,0.0,2018-03-13  22:14:00,41,1.23954,1.23939,1.238173
0.0,0.0,2018-03-13  22:15:00,39,1.23944,1.23938,1.238177
0.0,0.0,2018-03-13  22:16:00,16,1.23944,1.23938,1.238181
0.0,0.0,2018-03-13  22:17:00,39,1.23939,1.23933,1.238185
0.0,0.0,2018-03-13  22:18:00,46,1.23948,1.23933,1.238189
0.0,0.0,2018-03-13  22:19:00,65,1.23939,1.23933,1.238193
0.0,0.0,2018-03-13  22:20:00,14,1.2394,1.23934,1.238197
0.0,0.0,2018-03-13  22:21:00,18,1.23939,1.23933,1.238201
0.0,0.0,2018-03-13  22:22:00,45,1.23928,1.23922,1.238205
0.0,0.0,2018-03-13  22:23:00,31,1.23931,1.23925,1.238208
0.0,0.0,2018-03-13  22:24:00,37,1.23934,1.23919,1.238212
0.0,0.0,2018-03-13  22:25:00,62,1.2393,1.23915,1.238216
0.0,0.0,2018-03-13  22:26:00,25,1.23924,1.23909,1.238219
0.0,0.0,2018-03-13  22:27:00,22,1.2392,1.23914,1.238222
0.0,0.0,2018-03-13  22:28:00,42,1.23923,1.23917,1.238225
0.0,0.0,2018-03-13  22:29:00,17,1.23928,1.23913,1.238228
0.0,0.0,2018-03-13  22:30:00,16,1.23928,1.23913,1.238231
0.0,0.0,2018-03-13  22:31:00,21,1.23929,1.23914,1.238234
0.0,0.0,2018-03-13  22:32:00,24,1.2393,1.23915,1.238237
0.0,0.0,2018-03-13  22:33:00,43,1.23923,1.23917,1.23824
0.0,0.0,2018-03-13  22:34:00,24,1.23929,1.23914,1.238243
0.0,0.0,2018-03-13  22:35:00,97,1.23931,1.23916,1.238246
0.0,0.0,2018-03-13  22:36:00,28,1.2393,1.23915,1.238249
0.0,0.0,2018-03-13  22:37:00,76,1.23924,1.23909,1.238252
0.0,0.0,2018-03-13  22:38:00,96,1.23932,1.23917,1.238255
0.0,0.0,2018-03-13  22:39:00,20,1.23933,1.23918,1.238258
0.0,0.0,2018-03-13  22:40:00,20,1.23929,1.23923,1.238261
0.0,0.0,2018-03-13  22:41:00,65,1.23945,1.2393,1.238264
0.0,0.0,2018-03-13  22:42:00,104,1.23949,1.23934,1.238268
0.0,0.0,2018-03-13  22:43:00,119,1.23959,1.23944,1.238272
0.0,0.0,2018-03-13  22:44:00,71,1.23955,1.2394,1.238276
0.0,0.0,2018-03-13  22:45:00,76,1.23943,1.23928,1.23828
0.0,0.0,2018-03-13  22:46:00,93,1.2394,1.23925,1.238284
0.0,0.0,2018-03-13  22:47:00,52,1.23949,1.23934,1.238287
0.0,0.0,2018-03-13  22:48:00,59,1.23942,1.23927,1.238291
0.0,0.0,2018-03-13  22:49:00,58,1.23935,1.2392,1.238295
0.0,0.0,2018-03-13  22:50:00,78,1.23936,1.23921,1.238298
0.0,0.0,2018-03-13  22:51:00,89,1.2395,1.23935,1.238301
0.0,0.0,2018-03-13  22:52:00,76,1.2394,1.23925,1.238305
0.0,0.0,2018-03-13  22:53:00,90,1.23927,1.23921,1.238308
0.0,0.0,2018-03-13  22:54:00,61,1.23936,1.23921,1.238311
0.0,0.0,2018-03-13  22:55:00,37,1.23934,1.23928,1.238314
0.0,0.0,2018-03-13  22:56:00,63,1.23942,1.23927,1.238317
0.0,0.0,2018-03-13  22:57:00,13,1.23938,1.23932,1.23832
0.0,0.0,2018-03-13  22:58:00,20,1.23943,1.23928,1.238323
0.0,0.0,2018-03-13  22:59:00,17,1.23946,1.23931,1.238326
0.0,0.0,2018-03-13  23:00:00,154,1.23947,1.23932,1.23833
